//===-- What //TRANSLIT writes for iconv ------------------------*- C++ -*-===//
//
// Part of the LLVM Project, under the Apache License v2.0 with LLVM Exceptions.
// See https://llvm.org/LICENSE.txt for license information.
// SPDX-License-Identifier: Apache-2.0 WITH LLVM-exception
//
//===----------------------------------------------------------------------===//
//
// DO NOT EDIT MANUALLY. This file is generated by
// libc/utils/iconv_utils/gen.py from the mapping files it lists.
//
//===----------------------------------------------------------------------===//

#ifndef LLVM_LIBC_SRC_ICONV_TRANSLIT_TABLE_H
#define LLVM_LIBC_SRC_ICONV_TRANSLIT_TABLE_H

#include "hdr/stdint_proxy.h"
#include "hdr/types/char32_t.h"
#include "hdr/types/size_t.h"
#include "src/__support/macros/config.h"

namespace LIBC_NAMESPACE_DECL {
namespace iconv_internal {

// clang-format off
// The characters with a replacement, in order, where each one's replacement
// starts in TRANSLIT_TEXT, and where the next one's does.
constexpr size_t TRANSLIT_COUNT = 6048;
constexpr char32_t TRANSLIT_CODE_POINTS[6048] = {
    0x000A0, 0x000A1, 0x000A3, 0x000A9, 0x000AA, 0x000AB, 0x000AD, 0x000AE,
    0x000B1, 0x000B2, 0x000B3, 0x000B5, 0x000B9, 0x000BA, 0x000BB, 0x000BC,
    0x000BD, 0x000BE, 0x000BF, 0x000C0, 0x000C1, 0x000C2, 0x000C3, 0x000C4,
    0x000C5, 0x000C6, 0x000C7, 0x000C8, 0x000C9, 0x000CA, 0x000CB, 0x000CC,
    0x000CD, 0x000CE, 0x000CF, 0x000D0, 0x000D1, 0x000D2, 0x000D3, 0x000D4,
    0x000D5, 0x000D6, 0x000D7, 0x000D8, 0x000D9, 0x000DA, 0x000DB, 0x000DC,
    0x000DD, 0x000DE, 0x000DF, 0x000E0, 0x000E1, 0x000E2, 0x000E3, 0x000E4,
    0x000E5, 0x000E6, 0x000E7, 0x000E8, 0x000E9, 0x000EA, 0x000EB, 0x000EC,
    0x000ED, 0x000EE, 0x000EF, 0x000F0, 0x000F1, 0x000F2, 0x000F3, 0x000F4,
    0x000F5, 0x000F6, 0x000F7, 0x000F8, 0x000F9, 0x000FA, 0x000FB, 0x000FC,
    0x000FD, 0x000FE, 0x000FF, 0x00100, 0x00101, 0x00102, 0x00103, 0x00104,
    0x00105, 0x00106, 0x00107, 0x00108, 0x00109, 0x0010A, 0x0010B, 0x0010C,
    0x0010D, 0x0010E, 0x0010F, 0x00110, 0x00111, 0x00112, 0x00113, 0x00114,
    0x00115, 0x00116, 0x00117, 0x00118, 0x00119, 0x0011A, 0x0011B, 0x0011C,
    0x0011D, 0x0011E, 0x0011F, 0x00120, 0x00121, 0x00122, 0x00123, 0x00124,
    0x00125, 0x00126, 0x00127, 0x00128, 0x00129, 0x0012A, 0x0012B, 0x0012C,
    0x0012D, 0x0012E, 0x0012F, 0x00130, 0x00131, 0x00132, 0x00133, 0x00134,
    0x00135, 0x00136, 0x00137, 0x00138, 0x00139, 0x0013A, 0x0013B, 0x0013C,
    0x0013D, 0x0013E, 0x0013F, 0x00140, 0x00141, 0x00142, 0x00143, 0x00144,
    0x00145, 0x00146, 0x00147, 0x00148, 0x00149, 0x0014A, 0x0014B, 0x0014C,
    0x0014D, 0x0014E, 0x0014F, 0x00150, 0x00151, 0x00152, 0x00153, 0x00154,
    0x00155, 0x00156, 0x00157, 0x00158, 0x00159, 0x0015A, 0x0015B, 0x0015C,
    0x0015D, 0x0015E, 0x0015F, 0x00160, 0x00161, 0x00162, 0x00163, 0x00164,
    0x00165, 0x00166, 0x00167, 0x00168, 0x00169, 0x0016A, 0x0016B, 0x0016C,
    0x0016D, 0x0016E, 0x0016F, 0x00170, 0x00171, 0x00172, 0x00173, 0x00174,
    0x00175, 0x00176, 0x00177, 0x00178, 0x00179, 0x0017A, 0x0017B, 0x0017C,
    0x0017D, 0x0017E, 0x0017F, 0x00180, 0x00181, 0x00182, 0x00183, 0x00187,
    0x00188, 0x00189, 0x0018A, 0x0018B, 0x0018C, 0x00190, 0x00191, 0x00192,
    0x00193, 0x00195, 0x00196, 0x00197, 0x00198, 0x00199, 0x0019A, 0x0019D,
    0x0019E, 0x001A0, 0x001A1, 0x001A2, 0x001A3, 0x001A4, 0x001A5, 0x001AB,
    0x001AC, 0x001AD, 0x001AE, 0x001AF, 0x001B0, 0x001B2, 0x001B3, 0x001B4,
    0x001B5, 0x001B6, 0x001C4, 0x001C5, 0x001C6, 0x001C7, 0x001C8, 0x001C9,
    0x001CA, 0x001CB, 0x001CC, 0x001CD, 0x001CE, 0x001CF, 0x001D0, 0x001D1,
    0x001D2, 0x001D3, 0x001D4, 0x001D5, 0x001D6, 0x001D7, 0x001D8, 0x001D9,
    0x001DA, 0x001DB, 0x001DC, 0x001DE, 0x001DF, 0x001E0, 0x001E1, 0x001E2,
    0x001E3, 0x001E4, 0x001E5, 0x001E6, 0x001E7, 0x001E8, 0x001E9, 0x001EA,
    0x001EB, 0x001EC, 0x001ED, 0x001EE, 0x001EF, 0x001F0, 0x001F1, 0x001F2,
    0x001F3, 0x001F4, 0x001F5, 0x001F8, 0x001F9, 0x001FA, 0x001FB, 0x001FC,
    0x001FD, 0x001FE, 0x001FF, 0x00200, 0x00201, 0x00202, 0x00203, 0x00204,
    0x00205, 0x00206, 0x00207, 0x00208, 0x00209, 0x0020A, 0x0020B, 0x0020C,
    0x0020D, 0x0020E, 0x0020F, 0x00210, 0x00211, 0x00212, 0x00213, 0x00214,
    0x00215, 0x00216, 0x00217, 0x00218, 0x00219, 0x0021A, 0x0021B, 0x0021E,
    0x0021F, 0x00221, 0x00224, 0x00225, 0x00226, 0x00227, 0x00228, 0x00229,
    0x0022A, 0x0022B, 0x0022C, 0x0022D, 0x0022E, 0x0022F, 0x00230, 0x00231,
    0x00232, 0x00233, 0x00234, 0x00235, 0x00236, 0x00237, 0x00238, 0x00239,
    0x0023A, 0x0023B, 0x0023C, 0x0023D, 0x0023E, 0x0023F, 0x00240, 0x00243,
    0x00244, 0x00246, 0x00247, 0x00248, 0x00249, 0x0024C, 0x0024D, 0x0024E,
    0x0024F, 0x00253, 0x00255, 0x00256, 0x00257, 0x0025B, 0x0025F, 0x00260,
    0x00261, 0x00262, 0x00266, 0x00267, 0x00268, 0x0026A, 0x0026B, 0x0026C,
    0x0026D, 0x00271, 0x00272, 0x00273, 0x00274, 0x00276, 0x0027C, 0x0027D,
    0x0027E, 0x00280, 0x00282, 0x00288, 0x00289, 0x0028B, 0x0028F, 0x00290,
    0x00291, 0x00299, 0x0029B, 0x0029C, 0x0029D, 0x0029F, 0x002A0, 0x002A3,
    0x002A5, 0x002A6, 0x002AA, 0x002AB, 0x002B0, 0x002B1, 0x002B2, 0x002B3,
    0x002B4, 0x002B5, 0x002B6, 0x002B7, 0x002B8, 0x002B9, 0x002BA, 0x002BB,
    0x002BC, 0x002BD, 0x002C2, 0x002C3, 0x002C4, 0x002C6, 0x002C8, 0x002CB,
    0x002D0, 0x002D6, 0x002D7, 0x002DC, 0x002E0, 0x002E1, 0x002E2, 0x002E3,
    0x002E4, 0x00374, 0x0037E, 0x00385, 0x00386, 0x00387, 0x00388, 0x00389,
    0x0038A, 0x0038C, 0x0038E, 0x0038F, 0x00390, 0x003AA, 0x003AB, 0x003AC,
    0x003AD, 0x003AE, 0x003AF, 0x003B0, 0x003CA, 0x003CB, 0x003CC, 0x003CD,
    0x003CE, 0x003D0, 0x003D1, 0x003D2, 0x003D3, 0x003D4, 0x003D5, 0x003D6,
    0x003F0, 0x003F1, 0x003F2, 0x003F4, 0x003F5, 0x003F9, 0x00400, 0x00401,
    0x00403, 0x00407, 0x0040C, 0x0040D, 0x0040E, 0x00419, 0x00439, 0x00450,
    0x00451, 0x00453, 0x00457, 0x0045C, 0x0045D, 0x0045E, 0x00476, 0x00477,
    0x004C1, 0x004C2, 0x004D0, 0x004D1, 0x004D2, 0x004D3, 0x004D6, 0x004D7,
    0x004DA, 0x004DB, 0x004DC, 0x004DD, 0x004DE, 0x004DF, 0x004E2, 0x004E3,
    0x004E4, 0x004E5, 0x004E6, 0x004E7, 0x004EA, 0x004EB, 0x004EC, 0x004ED,
    0x004EE, 0x004EF, 0x004F0, 0x004F1, 0x004F2, 0x004F3, 0x004F4, 0x004F5,
    0x004F8, 0x004F9, 0x00587, 0x00622, 0x00623, 0x00624, 0x00625, 0x00626,
    0x00675, 0x00676, 0x00677, 0x00678, 0x006C0, 0x006C2, 0x006D3, 0x00929,
    0x00931, 0x00934, 0x00958, 0x00959, 0x0095A, 0x0095B, 0x0095C, 0x0095D,
    0x0095E, 0x0095F, 0x009DC, 0x009DD, 0x009DF, 0x00A33, 0x00A36, 0x00A59,
    0x00A5A, 0x00A5B, 0x00A5E, 0x00B5C, 0x00B5D, 0x00B94, 0x00E33, 0x00EB3,
    0x00EDC, 0x00EDD, 0x00F0C, 0x00F43, 0x00F4D, 0x00F52, 0x00F57, 0x00F5C,
    0x00F69, 0x01026, 0x010FC, 0x01B06, 0x01B08, 0x01B0A, 0x01B0C, 0x01B0E,
    0x01B12, 0x01D00, 0x01D01, 0x01D03, 0x01D04, 0x01D05, 0x01D06, 0x01D07,
    0x01D0A, 0x01D0B, 0x01D0C, 0x01D0D, 0x01D0F, 0x01D18, 0x01D1B, 0x01D1C,
    0x01D20, 0x01D21, 0x01D22, 0x01D2C, 0x01D2D, 0x01D2E, 0x01D30, 0x01D31,
    0x01D32, 0x01D33, 0x01D34, 0x01D35, 0x01D36, 0x01D37, 0x01D38, 0x01D39,
    0x01D3A, 0x01D3C, 0x01D3D, 0x01D3E, 0x01D3F, 0x01D40, 0x01D41, 0x01D42,
    0x01D43, 0x01D44, 0x01D45, 0x01D46, 0x01D47, 0x01D48, 0x01D49, 0x01D4A,
    0x01D4B, 0x01D4C, 0x01D4D, 0x01D4F, 0x01D50, 0x01D51, 0x01D52, 0x01D53,
    0x01D54, 0x01D55, 0x01D56, 0x01D57, 0x01D58, 0x01D59, 0x01D5A, 0x01D5B,
    0x01D5C, 0x01D5D, 0x01D5E, 0x01D5F, 0x01D60, 0x01D61, 0x01D62, 0x01D63,
    0x01D64, 0x01D65, 0x01D66, 0x01D67, 0x01D68, 0x01D69, 0x01D6A, 0x01D6B,
    0x01D6C, 0x01D6D, 0x01D6E, 0x01D6F, 0x01D70, 0x01D71, 0x01D72, 0x01D73,
    0x01D74, 0x01D75, 0x01D76, 0x01D78, 0x01D7A, 0x01D7B, 0x01D7D, 0x01D7E,
    0x01D80, 0x01D81, 0x01D82, 0x01D83, 0x01D84, 0x01D85, 0x01D86, 0x01D87,
    0x01D88, 0x01D89, 0x01D8A, 0x01D8C, 0x01D8D, 0x01D8E, 0x01D8F, 0x01D91,
    0x01D92, 0x01D93, 0x01D96, 0x01D99, 0x01D9B, 0x01D9C, 0x01D9D, 0x01D9E,
    0x01D9F, 0x01DA0, 0x01DA1, 0x01DA2, 0x01DA3, 0x01DA4, 0x01DA5, 0x01DA6,
    0x01DA7, 0x01DA8, 0x01DA9, 0x01DAA, 0x01DAB, 0x01DAC, 0x01DAD, 0x01DAE,
    0x01DAF, 0x01DB0, 0x01DB1, 0x01DB2, 0x01DB3, 0x01DB4, 0x01DB5, 0x01DB6,
    0x01DB7, 0x01DB8, 0x01DB9, 0x01DBA, 0x01DBB, 0x01DBC, 0x01DBD, 0x01DBE,
    0x01DBF, 0x01E00, 0x01E01, 0x01E02, 0x01E03, 0x01E04, 0x01E05, 0x01E06,
    0x01E07, 0x01E08, 0x01E09, 0x01E0A, 0x01E0B, 0x01E0C, 0x01E0D, 0x01E0E,
    0x01E0F, 0x01E10, 0x01E11, 0x01E12, 0x01E13, 0x01E14, 0x01E15, 0x01E16,
    0x01E17, 0x01E18, 0x01E19, 0x01E1A, 0x01E1B, 0x01E1C, 0x01E1D, 0x01E1E,
    0x01E1F, 0x01E20, 0x01E21, 0x01E22, 0x01E23, 0x01E24, 0x01E25, 0x01E26,
    0x01E27, 0x01E28, 0x01E29, 0x01E2A, 0x01E2B, 0x01E2C, 0x01E2D, 0x01E2E,
    0x01E2F, 0x01E30, 0x01E31, 0x01E32, 0x01E33, 0x01E34, 0x01E35, 0x01E36,
    0x01E37, 0x01E38, 0x01E39, 0x01E3A, 0x01E3B, 0x01E3C, 0x01E3D, 0x01E3E,
    0x01E3F, 0x01E40, 0x01E41, 0x01E42, 0x01E43, 0x01E44, 0x01E45, 0x01E46,
    0x01E47, 0x01E48, 0x01E49, 0x01E4A, 0x01E4B, 0x01E4C, 0x01E4D, 0x01E4E,
    0x01E4F, 0x01E50, 0x01E51, 0x01E52, 0x01E53, 0x01E54, 0x01E55, 0x01E56,
    0x01E57, 0x01E58, 0x01E59, 0x01E5A, 0x01E5B, 0x01E5C, 0x01E5D, 0x01E5E,
    0x01E5F, 0x01E60, 0x01E61, 0x01E62, 0x01E63, 0x01E64, 0x01E65, 0x01E66,
    0x01E67, 0x01E68, 0x01E69, 0x01E6A, 0x01E6B, 0x01E6C, 0x01E6D, 0x01E6E,
    0x01E6F, 0x01E70, 0x01E71, 0x01E72, 0x01E73, 0x01E74, 0x01E75, 0x01E76,
    0x01E77, 0x01E78, 0x01E79, 0x01E7A, 0x01E7B, 0x01E7C, 0x01E7D, 0x01E7E,
    0x01E7F, 0x01E80, 0x01E81, 0x01E82, 0x01E83, 0x01E84, 0x01E85, 0x01E86,
    0x01E87, 0x01E88, 0x01E89, 0x01E8A, 0x01E8B, 0x01E8C, 0x01E8D, 0x01E8E,
    0x01E8F, 0x01E90, 0x01E91, 0x01E92, 0x01E93, 0x01E94, 0x01E95, 0x01E96,
    0x01E97, 0x01E98, 0x01E99, 0x01E9A, 0x01E9B, 0x01E9C, 0x01E9D, 0x01E9E,
    0x01EA0, 0x01EA1, 0x01EA2, 0x01EA3, 0x01EA4, 0x01EA5, 0x01EA6, 0x01EA7,
    0x01EA8, 0x01EA9, 0x01EAA, 0x01EAB, 0x01EAC, 0x01EAD, 0x01EAE, 0x01EAF,
    0x01EB0, 0x01EB1, 0x01EB2, 0x01EB3, 0x01EB4, 0x01EB5, 0x01EB6, 0x01EB7,
    0x01EB8, 0x01EB9, 0x01EBA, 0x01EBB, 0x01EBC, 0x01EBD, 0x01EBE, 0x01EBF,
    0x01EC0, 0x01EC1, 0x01EC2, 0x01EC3, 0x01EC4, 0x01EC5, 0x01EC6, 0x01EC7,
    0x01EC8, 0x01EC9, 0x01ECA, 0x01ECB, 0x01ECC, 0x01ECD, 0x01ECE, 0x01ECF,
    0x01ED0, 0x01ED1, 0x01ED2, 0x01ED3, 0x01ED4, 0x01ED5, 0x01ED6, 0x01ED7,
    0x01ED8, 0x01ED9, 0x01EDA, 0x01EDB, 0x01EDC, 0x01EDD, 0x01EDE, 0x01EDF,
    0x01EE0, 0x01EE1, 0x01EE2, 0x01EE3, 0x01EE4, 0x01EE5, 0x01EE6, 0x01EE7,
    0x01EE8, 0x01EE9, 0x01EEA, 0x01EEB, 0x01EEC, 0x01EED, 0x01EEE, 0x01EEF,
    0x01EF0, 0x01EF1, 0x01EF2, 0x01EF3, 0x01EF4, 0x01EF5, 0x01EF6, 0x01EF7,
    0x01EF8, 0x01EF9, 0x01EFA, 0x01EFB, 0x01EFC, 0x01EFD, 0x01EFE, 0x01EFF,
    0x01F00, 0x01F01, 0x01F02, 0x01F03, 0x01F04, 0x01F05, 0x01F06, 0x01F07,
    0x01F08, 0x01F09, 0x01F0A, 0x01F0B, 0x01F0C, 0x01F0D, 0x01F0E, 0x01F0F,
    0x01F10, 0x01F11, 0x01F12, 0x01F13, 0x01F14, 0x01F15, 0x01F18, 0x01F19,
    0x01F1A, 0x01F1B, 0x01F1C, 0x01F1D, 0x01F20, 0x01F21, 0x01F22, 0x01F23,
    0x01F24, 0x01F25, 0x01F26, 0x01F27, 0x01F28, 0x01F29, 0x01F2A, 0x01F2B,
    0x01F2C, 0x01F2D, 0x01F2E, 0x01F2F, 0x01F30, 0x01F31, 0x01F32, 0x01F33,
    0x01F34, 0x01F35, 0x01F36, 0x01F37, 0x01F38, 0x01F39, 0x01F3A, 0x01F3B,
    0x01F3C, 0x01F3D, 0x01F3E, 0x01F3F, 0x01F40, 0x01F41, 0x01F42, 0x01F43,
    0x01F44, 0x01F45, 0x01F48, 0x01F49, 0x01F4A, 0x01F4B, 0x01F4C, 0x01F4D,
    0x01F50, 0x01F51, 0x01F52, 0x01F53, 0x01F54, 0x01F55, 0x01F56, 0x01F57,
    0x01F59, 0x01F5B, 0x01F5D, 0x01F5F, 0x01F60, 0x01F61, 0x01F62, 0x01F63,
    0x01F64, 0x01F65, 0x01F66, 0x01F67, 0x01F68, 0x01F69, 0x01F6A, 0x01F6B,
    0x01F6C, 0x01F6D, 0x01F6E, 0x01F6F, 0x01F70, 0x01F71, 0x01F72, 0x01F73,
    0x01F74, 0x01F75, 0x01F76, 0x01F77, 0x01F78, 0x01F79, 0x01F7A, 0x01F7B,
    0x01F7C, 0x01F7D, 0x01F80, 0x01F81, 0x01F82, 0x01F83, 0x01F84, 0x01F85,
    0x01F86, 0x01F87, 0x01F88, 0x01F89, 0x01F8A, 0x01F8B, 0x01F8C, 0x01F8D,
    0x01F8E, 0x01F8F, 0x01F90, 0x01F91, 0x01F92, 0x01F93, 0x01F94, 0x01F95,
    0x01F96, 0x01F97, 0x01F98, 0x01F99, 0x01F9A, 0x01F9B, 0x01F9C, 0x01F9D,
    0x01F9E, 0x01F9F, 0x01FA0, 0x01FA1, 0x01FA2, 0x01FA3, 0x01FA4, 0x01FA5,
    0x01FA6, 0x01FA7, 0x01FA8, 0x01FA9, 0x01FAA, 0x01FAB, 0x01FAC, 0x01FAD,
    0x01FAE, 0x01FAF, 0x01FB0, 0x01FB1, 0x01FB2, 0x01FB3, 0x01FB4, 0x01FB6,
    0x01FB7, 0x01FB8, 0x01FB9, 0x01FBA, 0x01FBB, 0x01FBC, 0x01FBE, 0x01FC1,
    0x01FC2, 0x01FC3, 0x01FC4, 0x01FC6, 0x01FC7, 0x01FC8, 0x01FC9, 0x01FCA,
    0x01FCB, 0x01FCC, 0x01FCD, 0x01FCE, 0x01FCF, 0x01FD0, 0x01FD1, 0x01FD2,
    0x01FD3, 0x01FD6, 0x01FD7, 0x01FD8, 0x01FD9, 0x01FDA, 0x01FDB, 0x01FDD,
    0x01FDE, 0x01FDF, 0x01FE0, 0x01FE1, 0x01FE2, 0x01FE3, 0x01FE4, 0x01FE5,
    0x01FE6, 0x01FE7, 0x01FE8, 0x01FE9, 0x01FEA, 0x01FEB, 0x01FEC, 0x01FED,
    0x01FEE, 0x01FEF, 0x01FF2, 0x01FF3, 0x01FF4, 0x01FF6, 0x01FF7, 0x01FF8,
    0x01FF9, 0x01FFA, 0x01FFB, 0x01FFC, 0x01FFD, 0x02000, 0x02001, 0x02002,
    0x02003, 0x02004, 0x02005, 0x02006, 0x02007, 0x02008, 0x02009, 0x0200A,
    0x02010, 0x02011, 0x02012, 0x02013, 0x02014, 0x02015, 0x02016, 0x02018,
    0x02019, 0x0201A, 0x0201B, 0x0201C, 0x0201D, 0x0201E, 0x0201F, 0x02024,
    0x02025, 0x02026, 0x02032, 0x02033, 0x02034, 0x02036, 0x02037, 0x02039,
    0x0203A, 0x0203C, 0x02044, 0x02045, 0x02046, 0x02047, 0x02048, 0x02049,
    0x0204E, 0x02057, 0x0205F, 0x02070, 0x02071, 0x02074, 0x02075, 0x02076,
    0x02077, 0x02078, 0x02079, 0x0207A, 0x0207B, 0x0207C, 0x0207D, 0x0207E,
    0x0207F, 0x02080, 0x02081, 0x02082, 0x02083, 0x02084, 0x02085, 0x02086,
    0x02087, 0x02088, 0x02089, 0x0208A, 0x0208B, 0x0208C, 0x0208D, 0x0208E,
    0x02090, 0x02091, 0x02092, 0x02093, 0x02094, 0x02095, 0x02096, 0x02097,
    0x02098, 0x02099, 0x0209A, 0x0209B, 0x0209C, 0x020A0, 0x020A2, 0x020A3,
    0x020A4, 0x020A7, 0x020A8, 0x020A9, 0x020AA, 0x020AB, 0x020AC, 0x020B1,
    0x020B9, 0x020BA, 0x02100, 0x02101, 0x02102, 0x02103, 0x02105, 0x02106,
    0x02107, 0x02109, 0x0210A, 0x0210B, 0x0210C, 0x0210D, 0x0210E, 0x0210F,
    0x02110, 0x02111, 0x02112, 0x02113, 0x02115, 0x02116, 0x02117, 0x02118,
    0x02119, 0x0211A, 0x0211B, 0x0211C, 0x0211D, 0x0211E, 0x02120, 0x02121,
    0x02122, 0x02124, 0x02126, 0x02128, 0x0212A, 0x0212B, 0x0212C, 0x0212D,
    0x0212F, 0x02130, 0x02131, 0x02133, 0x02134, 0x02135, 0x02136, 0x02137,
    0x02138, 0x02139, 0x0213B, 0x0213C, 0x0213D, 0x0213E, 0x0213F, 0x02140,
    0x02145, 0x02146, 0x02147, 0x02148, 0x02149, 0x02150, 0x02151, 0x02152,
    0x02153, 0x02154, 0x02155, 0x02156, 0x02157, 0x02158, 0x02159, 0x0215A,
    0x0215B, 0x0215C, 0x0215D, 0x0215E, 0x0215F, 0x02160, 0x02161, 0x02162,
    0x02163, 0x02164, 0x02165, 0x02166, 0x02167, 0x02168, 0x02169, 0x0216A,
    0x0216B, 0x0216C, 0x0216D, 0x0216E, 0x0216F, 0x02170, 0x02171, 0x02172,
    0x02173, 0x02174, 0x02175, 0x02176, 0x02177, 0x02178, 0x02179, 0x0217A,
    0x0217B, 0x0217C, 0x0217D, 0x0217E, 0x0217F, 0x02189, 0x02190, 0x02192,
    0x02194, 0x0219A, 0x0219B, 0x021AE, 0x021CD, 0x021CE, 0x021CF, 0x02204,
    0x02209, 0x0220C, 0x02212, 0x02215, 0x02223, 0x02224, 0x02225, 0x02226,
    0x0222C, 0x0222D, 0x0222F, 0x02230, 0x02241, 0x02244, 0x02247, 0x02249,
    0x02260, 0x02262, 0x0226A, 0x0226B, 0x0226D, 0x0226E, 0x0226F, 0x02270,
    0x02271, 0x02274, 0x02275, 0x02278, 0x02279, 0x02280, 0x02281, 0x02284,
    0x02285, 0x02288, 0x02289, 0x022AC, 0x022AD, 0x022AE, 0x022AF, 0x022E0,
    0x022E1, 0x022E2, 0x022E3, 0x022EA, 0x022EB, 0x022EC, 0x022ED, 0x02329,
    0x0232A, 0x02460, 0x02461, 0x02462, 0x02463, 0x02464, 0x02465, 0x02466,
    0x02467, 0x02468, 0x02469, 0x0246A, 0x0246B, 0x0246C, 0x0246D, 0x0246E,
    0x0246F, 0x02470, 0x02471, 0x02472, 0x02473, 0x02474, 0x02475, 0x02476,
    0x02477, 0x02478, 0x02479, 0x0247A, 0x0247B, 0x0247C, 0x0247D, 0x0247E,
    0x0247F, 0x02480, 0x02481, 0x02482, 0x02483, 0x02484, 0x02485, 0x02486,
    0x02487, 0x02488, 0x02489, 0x0248A, 0x0248B, 0x0248C, 0x0248D, 0x0248E,
    0x0248F, 0x02490, 0x02491, 0x02492, 0x02493, 0x02494, 0x02495, 0x02496,
    0x02497, 0x02498, 0x02499, 0x0249A, 0x0249B, 0x0249C, 0x0249D, 0x0249E,
    0x0249F, 0x024A0, 0x024A1, 0x024A2, 0x024A3, 0x024A4, 0x024A5, 0x024A6,
    0x024A7, 0x024A8, 0x024A9, 0x024AA, 0x024AB, 0x024AC, 0x024AD, 0x024AE,
    0x024AF, 0x024B0, 0x024B1, 0x024B2, 0x024B3, 0x024B4, 0x024B5, 0x024B6,
    0x024B7, 0x024B8, 0x024B9, 0x024BA, 0x024BB, 0x024BC, 0x024BD, 0x024BE,
    0x024BF, 0x024C0, 0x024C1, 0x024C2, 0x024C3, 0x024C4, 0x024C5, 0x024C6,
    0x024C7, 0x024C8, 0x024C9, 0x024CA, 0x024CB, 0x024CC, 0x024CD, 0x024CE,
    0x024CF, 0x024D0, 0x024D1, 0x024D2, 0x024D3, 0x024D4, 0x024D5, 0x024D6,
    0x024D7, 0x024D8, 0x024D9, 0x024DA, 0x024DB, 0x024DC, 0x024DD, 0x024DE,
    0x024DF, 0x024E0, 0x024E1, 0x024E2, 0x024E3, 0x024E4, 0x024E5, 0x024E6,
    0x024E7, 0x024E8, 0x024E9, 0x024EA, 0x02985, 0x02986, 0x02A0C, 0x02A74,
    0x02A75, 0x02A76, 0x02ADC, 0x02C60, 0x02C61, 0x02C62, 0x02C63, 0x02C64,
    0x02C65, 0x02C66, 0x02C67, 0x02C68, 0x02C69, 0x02C6A, 0x02C6B, 0x02C6C,
    0x02C6E, 0x02C71, 0x02C72, 0x02C73, 0x02C74, 0x02C78, 0x02C7A, 0x02C7C,
    0x02C7D, 0x02C7E, 0x02C7F, 0x02D6F, 0x02E9F, 0x02EF3, 0x02F00, 0x02F01,
    0x02F02, 0x02F03, 0x02F04, 0x02F05, 0x02F06, 0x02F07, 0x02F08, 0x02F09,
    0x02F0A, 0x02F0B, 0x02F0C, 0x02F0D, 0x02F0E, 0x02F0F, 0x02F10, 0x02F11,
    0x02F12, 0x02F13, 0x02F14, 0x02F15, 0x02F16, 0x02F17, 0x02F18, 0x02F19,
    0x02F1A, 0x02F1B, 0x02F1C, 0x02F1D, 0x02F1E, 0x02F1F, 0x02F20, 0x02F21,
    0x02F22, 0x02F23, 0x02F24, 0x02F25, 0x02F26, 0x02F27, 0x02F28, 0x02F29,
    0x02F2A, 0x02F2B, 0x02F2C, 0x02F2D, 0x02F2E, 0x02F2F, 0x02F30, 0x02F31,
    0x02F32, 0x02F33, 0x02F34, 0x02F35, 0x02F36, 0x02F37, 0x02F38, 0x02F39,
    0x02F3A, 0x02F3B, 0x02F3C, 0x02F3D, 0x02F3E, 0x02F3F, 0x02F40, 0x02F41,
    0x02F42, 0x02F43, 0x02F44, 0x02F45, 0x02F46, 0x02F47, 0x02F48, 0x02F49,
    0x02F4A, 0x02F4B, 0x02F4C, 0x02F4D, 0x02F4E, 0x02F4F, 0x02F50, 0x02F51,
    0x02F52, 0x02F53, 0x02F54, 0x02F55, 0x02F56, 0x02F57, 0x02F58, 0x02F59,
    0x02F5A, 0x02F5B, 0x02F5C, 0x02F5D, 0x02F5E, 0x02F5F, 0x02F60, 0x02F61,
    0x02F62, 0x02F63, 0x02F64, 0x02F65, 0x02F66, 0x02F67, 0x02F68, 0x02F69,
    0x02F6A, 0x02F6B, 0x02F6C, 0x02F6D, 0x02F6E, 0x02F6F, 0x02F70, 0x02F71,
    0x02F72, 0x02F73, 0x02F74, 0x02F75, 0x02F76, 0x02F77, 0x02F78, 0x02F79,
    0x02F7A, 0x02F7B, 0x02F7C, 0x02F7D, 0x02F7E, 0x02F7F, 0x02F80, 0x02F81,
    0x02F82, 0x02F83, 0x02F84, 0x02F85, 0x02F86, 0x02F87, 0x02F88, 0x02F89,
    0x02F8A, 0x02F8B, 0x02F8C, 0x02F8D, 0x02F8E, 0x02F8F, 0x02F90, 0x02F91,
    0x02F92, 0x02F93, 0x02F94, 0x02F95, 0x02F96, 0x02F97, 0x02F98, 0x02F99,
    0x02F9A, 0x02F9B, 0x02F9C, 0x02F9D, 0x02F9E, 0x02F9F, 0x02FA0, 0x02FA1,
    0x02FA2, 0x02FA3, 0x02FA4, 0x02FA5, 0x02FA6, 0x02FA7, 0x02FA8, 0x02FA9,
    0x02FAA, 0x02FAB, 0x02FAC, 0x02FAD, 0x02FAE, 0x02FAF, 0x02FB0, 0x02FB1,
    0x02FB2, 0x02FB3, 0x02FB4, 0x02FB5, 0x02FB6, 0x02FB7, 0x02FB8, 0x02FB9,
    0x02FBA, 0x02FBB, 0x02FBC, 0x02FBD, 0x02FBE, 0x02FBF, 0x02FC0, 0x02FC1,
    0x02FC2, 0x02FC3, 0x02FC4, 0x02FC5, 0x02FC6, 0x02FC7, 0x02FC8, 0x02FC9,
    0x02FCA, 0x02FCB, 0x02FCC, 0x02FCD, 0x02FCE, 0x02FCF, 0x02FD0, 0x02FD1,
    0x02FD2, 0x02FD3, 0x02FD4, 0x02FD5, 0x03000, 0x03001, 0x03002, 0x03007,
    0x03008, 0x03009, 0x0300A, 0x0300B, 0x03014, 0x03015, 0x03018, 0x03019,
    0x0301A, 0x0301B, 0x0301D, 0x0301E, 0x03036, 0x03038, 0x03039, 0x0303A,
    0x0304C, 0x0304E, 0x03050, 0x03052, 0x03054, 0x03056, 0x03058, 0x0305A,
    0x0305C, 0x0305E, 0x03060, 0x03062, 0x03065, 0x03067, 0x03069, 0x03070,
    0x03071, 0x03073, 0x03074, 0x03076, 0x03077, 0x03079, 0x0307A, 0x0307C,
    0x0307D, 0x03094, 0x0309E, 0x0309F, 0x030AC, 0x030AE, 0x030B0, 0x030B2,
    0x030B4, 0x030B6, 0x030B8, 0x030BA, 0x030BC, 0x030BE, 0x030C0, 0x030C2,
    0x030C5, 0x030C7, 0x030C9, 0x030D0, 0x030D1, 0x030D3, 0x030D4, 0x030D6,
    0x030D7, 0x030D9, 0x030DA, 0x030DC, 0x030DD, 0x030F4, 0x030F7, 0x030F8,
    0x030F9, 0x030FA, 0x030FE, 0x030FF, 0x03131, 0x03132, 0x03133, 0x03134,
    0x03135, 0x03136, 0x03137, 0x03138, 0x03139, 0x0313A, 0x0313B, 0x0313C,
    0x0313D, 0x0313E, 0x0313F, 0x03140, 0x03141, 0x03142, 0x03143, 0x03144,
    0x03145, 0x03146, 0x03147, 0x03148, 0x03149, 0x0314A, 0x0314B, 0x0314C,
    0x0314D, 0x0314E, 0x0314F, 0x03150, 0x03151, 0x03152, 0x03153, 0x03154,
    0x03155, 0x03156, 0x03157, 0x03158, 0x03159, 0x0315A, 0x0315B, 0x0315C,
    0x0315D, 0x0315E, 0x0315F, 0x03160, 0x03161, 0x03162, 0x03163, 0x03164,
    0x03165, 0x03166, 0x03167, 0x03168, 0x03169, 0x0316A, 0x0316B, 0x0316C,
    0x0316D, 0x0316E, 0x0316F, 0x03170, 0x03171, 0x03172, 0x03173, 0x03174,
    0x03175, 0x03176, 0x03177, 0x03178, 0x03179, 0x0317A, 0x0317B, 0x0317C,
    0x0317D, 0x0317E, 0x0317F, 0x03180, 0x03181, 0x03182, 0x03183, 0x03184,
    0x03185, 0x03186, 0x03187, 0x03188, 0x03189, 0x0318A, 0x0318B, 0x0318C,
    0x0318D, 0x0318E, 0x03192, 0x03193, 0x03194, 0x03195, 0x03196, 0x03197,
    0x03198, 0x03199, 0x0319A, 0x0319B, 0x0319C, 0x0319D, 0x0319E, 0x0319F,
    0x03200, 0x03201, 0x03202, 0x03203, 0x03204, 0x03205, 0x03206, 0x03207,
    0x03208, 0x03209, 0x0320A, 0x0320B, 0x0320C, 0x0320D, 0x0320E, 0x0320F,
    0x03210, 0x03211, 0x03212, 0x03213, 0x03214, 0x03215, 0x03216, 0x03217,
    0x03218, 0x03219, 0x0321A, 0x0321B, 0x0321C, 0x0321D, 0x0321E, 0x03220,
    0x03221, 0x03222, 0x03223, 0x03224, 0x03225, 0x03226, 0x03227, 0x03228,
    0x03229, 0x0322A, 0x0322B, 0x0322C, 0x0322D, 0x0322E, 0x0322F, 0x03230,
    0x03231, 0x03232, 0x03233, 0x03234, 0x03235, 0x03236, 0x03237, 0x03238,
    0x03239, 0x0323A, 0x0323B, 0x0323C, 0x0323D, 0x0323E, 0x0323F, 0x03240,
    0x03241, 0x03242, 0x03243, 0x03244, 0x03245, 0x03246, 0x03247, 0x03250,
    0x03251, 0x03252, 0x03253, 0x03254, 0x03255, 0x03256, 0x03257, 0x03258,
    0x03259, 0x0325A, 0x0325B, 0x0325C, 0x0325D, 0x0325E, 0x0325F, 0x03260,
    0x03261, 0x03262, 0x03263, 0x03264, 0x03265, 0x03266, 0x03267, 0x03268,
    0x03269, 0x0326A, 0x0326B, 0x0326C, 0x0326D, 0x0326E, 0x0326F, 0x03270,
    0x03271, 0x03272, 0x03273, 0x03274, 0x03275, 0x03276, 0x03277, 0x03278,
    0x03279, 0x0327A, 0x0327B, 0x0327C, 0x0327D, 0x0327E, 0x03280, 0x03281,
    0x03282, 0x03283, 0x03284, 0x03285, 0x03286, 0x03287, 0x03288, 0x03289,
    0x0328A, 0x0328B, 0x0328C, 0x0328D, 0x0328E, 0x0328F, 0x03290, 0x03291,
    0x03292, 0x03293, 0x03294, 0x03295, 0x03296, 0x03297, 0x03298, 0x03299,
    0x0329A, 0x0329B, 0x0329C, 0x0329D, 0x0329E, 0x0329F, 0x032A0, 0x032A1,
    0x032A2, 0x032A3, 0x032A4, 0x032A5, 0x032A6, 0x032A7, 0x032A8, 0x032A9,
    0x032AA, 0x032AB, 0x032AC, 0x032AD, 0x032AE, 0x032AF, 0x032B0, 0x032B1,
    0x032B2, 0x032B3, 0x032B4, 0x032B5, 0x032B6, 0x032B7, 0x032B8, 0x032B9,
    0x032BA, 0x032BB, 0x032BC, 0x032BD, 0x032BE, 0x032BF, 0x032C0, 0x032C1,
    0x032C2, 0x032C3, 0x032C4, 0x032C5, 0x032C6, 0x032C7, 0x032C8, 0x032C9,
    0x032CA, 0x032CB, 0x032CC, 0x032CD, 0x032CE, 0x032CF, 0x032D0, 0x032D1,
    0x032D2, 0x032D3, 0x032D4, 0x032D5, 0x032D6, 0x032D7, 0x032D8, 0x032D9,
    0x032DA, 0x032DB, 0x032DC, 0x032DD, 0x032DE, 0x032DF, 0x032E0, 0x032E1,
    0x032E2, 0x032E3, 0x032E4, 0x032E5, 0x032E6, 0x032E7, 0x032E8, 0x032E9,
    0x032EA, 0x032EB, 0x032EC, 0x032ED, 0x032EE, 0x032EF, 0x032F0, 0x032F1,
    0x032F2, 0x032F3, 0x032F4, 0x032F5, 0x032F6, 0x032F7, 0x032F8, 0x032F9,
    0x032FA, 0x032FB, 0x032FC, 0x032FD, 0x032FE, 0x032FF, 0x03300, 0x03301,
    0x03302, 0x03303, 0x03304, 0x03305, 0x03306, 0x03307, 0x03308, 0x03309,
    0x0330A, 0x0330B, 0x0330C, 0x0330D, 0x0330E, 0x0330F, 0x03310, 0x03311,
    0x03312, 0x03313, 0x03314, 0x03315, 0x03316, 0x03317, 0x03318, 0x03319,
    0x0331A, 0x0331B, 0x0331C, 0x0331D, 0x0331E, 0x0331F, 0x03320, 0x03321,
    0x03322, 0x03323, 0x03324, 0x03325, 0x03326, 0x03327, 0x03328, 0x03329,
    0x0332A, 0x0332B, 0x0332C, 0x0332D, 0x0332E, 0x0332F, 0x03330, 0x03331,
    0x03332, 0x03333, 0x03334, 0x03335, 0x03336, 0x03337, 0x03338, 0x03339,
    0x0333A, 0x0333B, 0x0333C, 0x0333D, 0x0333E, 0x0333F, 0x03340, 0x03341,
    0x03342, 0x03343, 0x03344, 0x03345, 0x03346, 0x03347, 0x03348, 0x03349,
    0x0334A, 0x0334B, 0x0334C, 0x0334D, 0x0334E, 0x0334F, 0x03350, 0x03351,
    0x03352, 0x03353, 0x03354, 0x03355, 0x03356, 0x03357, 0x03358, 0x03359,
    0x0335A, 0x0335B, 0x0335C, 0x0335D, 0x0335E, 0x0335F, 0x03360, 0x03361,
    0x03362, 0x03363, 0x03364, 0x03365, 0x03366, 0x03367, 0x03368, 0x03369,
    0x0336A, 0x0336B, 0x0336C, 0x0336D, 0x0336E, 0x0336F, 0x03370, 0x03371,
    0x03372, 0x03373, 0x03374, 0x03375, 0x03376, 0x03377, 0x03378, 0x03379,
    0x0337A, 0x0337B, 0x0337C, 0x0337D, 0x0337E, 0x0337F, 0x03380, 0x03381,
    0x03382, 0x03383, 0x03384, 0x03385, 0x03386, 0x03387, 0x03388, 0x03389,
    0x0338A, 0x0338B, 0x0338C, 0x0338D, 0x0338E, 0x0338F, 0x03390, 0x03391,
    0x03392, 0x03393, 0x03394, 0x03395, 0x03396, 0x03397, 0x03398, 0x03399,
    0x0339A, 0x0339B, 0x0339C, 0x0339D, 0x0339E, 0x0339F, 0x033A0, 0x033A1,
    0x033A2, 0x033A3, 0x033A4, 0x033A5, 0x033A6, 0x033A7, 0x033A8, 0x033A9,
    0x033AA, 0x033AB, 0x033AC, 0x033AD, 0x033AE, 0x033AF, 0x033B0, 0x033B1,
    0x033B2, 0x033B3, 0x033B4, 0x033B5, 0x033B6, 0x033B7, 0x033B8, 0x033B9,
    0x033BA, 0x033BB, 0x033BC, 0x033BD, 0x033BE, 0x033BF, 0x033C0, 0x033C1,
    0x033C2, 0x033C3, 0x033C4, 0x033C5, 0x033C6, 0x033C7, 0x033C8, 0x033C9,
    0x033CA, 0x033CB, 0x033CC, 0x033CD, 0x033CE, 0x033CF, 0x033D0, 0x033D1,
    0x033D2, 0x033D3, 0x033D4, 0x033D5, 0x033D6, 0x033D7, 0x033D8, 0x033D9,
    0x033DA, 0x033DB, 0x033DC, 0x033DD, 0x033DE, 0x033DF, 0x033E0, 0x033E1,
    0x033E2, 0x033E3, 0x033E4, 0x033E5, 0x033E6, 0x033E7, 0x033E8, 0x033E9,
    0x033EA, 0x033EB, 0x033EC, 0x033ED, 0x033EE, 0x033EF, 0x033F0, 0x033F1,
    0x033F2, 0x033F3, 0x033F4, 0x033F5, 0x033F6, 0x033F7, 0x033F8, 0x033F9,
    0x033FA, 0x033FB, 0x033FC, 0x033FD, 0x033FE, 0x033FF, 0x0A69C, 0x0A69D,
    0x0A730, 0x0A731, 0x0A732, 0x0A733, 0x0A734, 0x0A735, 0x0A736, 0x0A737,
    0x0A738, 0x0A739, 0x0A73A, 0x0A73B, 0x0A73C, 0x0A73D, 0x0A740, 0x0A741,
    0x0A742, 0x0A743, 0x0A744, 0x0A745, 0x0A746, 0x0A747, 0x0A748, 0x0A749,
    0x0A74A, 0x0A74B, 0x0A74C, 0x0A74D, 0x0A74E, 0x0A74F, 0x0A750, 0x0A751,
    0x0A752, 0x0A753, 0x0A754, 0x0A755, 0x0A756, 0x0A757, 0x0A758, 0x0A759,
    0x0A75E, 0x0A75F, 0x0A760, 0x0A761, 0x0A764, 0x0A765, 0x0A766, 0x0A767,
    0x0A770, 0x0A771, 0x0A772, 0x0A773, 0x0A774, 0x0A775, 0x0A776, 0x0A777,
    0x0A779, 0x0A77A, 0x0A77B, 0x0A77C, 0x0A786, 0x0A787, 0x0A790, 0x0A791,
    0x0A792, 0x0A793, 0x0A7A0, 0x0A7A1, 0x0A7A2, 0x0A7A3, 0x0A7A4, 0x0A7A5,
    0x0A7A6, 0x0A7A7, 0x0A7A8, 0x0A7A9, 0x0A7AA, 0x0A7F1, 0x0A7F2, 0x0A7F3,
    0x0A7F4, 0x0A7F8, 0x0A7F9, 0x0AB5C, 0x0AB5D, 0x0AB5E, 0x0AB5F, 0x0AB69,
    0x0F900, 0x0F901, 0x0F902, 0x0F903, 0x0F904, 0x0F905, 0x0F906, 0x0F907,
    0x0F908, 0x0F909, 0x0F90A, 0x0F90B, 0x0F90C, 0x0F90D, 0x0F90E, 0x0F90F,
    0x0F910, 0x0F911, 0x0F912, 0x0F913, 0x0F914, 0x0F915, 0x0F916, 0x0F917,
    0x0F918, 0x0F919, 0x0F91A, 0x0F91B, 0x0F91C, 0x0F91D, 0x0F91E, 0x0F91F,
    0x0F920, 0x0F921, 0x0F922, 0x0F923, 0x0F924, 0x0F925, 0x0F926, 0x0F927,
    0x0F928, 0x0F929, 0x0F92A, 0x0F92B, 0x0F92C, 0x0F92D, 0x0F92E, 0x0F92F,
    0x0F930, 0x0F931, 0x0F932, 0x0F933, 0x0F934, 0x0F935, 0x0F936, 0x0F937,
    0x0F938, 0x0F939, 0x0F93A, 0x0F93B, 0x0F93C, 0x0F93D, 0x0F93E, 0x0F93F,
    0x0F940, 0x0F941, 0x0F942, 0x0F943, 0x0F944, 0x0F945, 0x0F946, 0x0F947,
    0x0F948, 0x0F949, 0x0F94A, 0x0F94B, 0x0F94C, 0x0F94D, 0x0F94E, 0x0F94F,
    0x0F950, 0x0F951, 0x0F952, 0x0F953, 0x0F954, 0x0F955, 0x0F956, 0x0F957,
    0x0F958, 0x0F959, 0x0F95A, 0x0F95B, 0x0F95C, 0x0F95D, 0x0F95E, 0x0F95F,
    0x0F960, 0x0F961, 0x0F962, 0x0F963, 0x0F964, 0x0F965, 0x0F966, 0x0F967,
    0x0F968, 0x0F969, 0x0F96A, 0x0F96B, 0x0F96C, 0x0F96D, 0x0F96E, 0x0F96F,
    0x0F970, 0x0F971, 0x0F972, 0x0F973, 0x0F974, 0x0F975, 0x0F976, 0x0F977,
    0x0F978, 0x0F979, 0x0F97A, 0x0F97B, 0x0F97C, 0x0F97D, 0x0F97E, 0x0F97F,
    0x0F980, 0x0F981, 0x0F982, 0x0F983, 0x0F984, 0x0F985, 0x0F986, 0x0F987,
    0x0F988, 0x0F989, 0x0F98A, 0x0F98B, 0x0F98C, 0x0F98D, 0x0F98E, 0x0F98F,
    0x0F990, 0x0F991, 0x0F992, 0x0F993, 0x0F994, 0x0F995, 0x0F996, 0x0F997,
    0x0F998, 0x0F999, 0x0F99A, 0x0F99B, 0x0F99C, 0x0F99D, 0x0F99E, 0x0F99F,
    0x0F9A0, 0x0F9A1, 0x0F9A2, 0x0F9A3, 0x0F9A4, 0x0F9A5, 0x0F9A6, 0x0F9A7,
    0x0F9A8, 0x0F9A9, 0x0F9AA, 0x0F9AB, 0x0F9AC, 0x0F9AD, 0x0F9AE, 0x0F9AF,
    0x0F9B0, 0x0F9B1, 0x0F9B2, 0x0F9B3, 0x0F9B4, 0x0F9B5, 0x0F9B6, 0x0F9B7,
    0x0F9B8, 0x0F9B9, 0x0F9BA, 0x0F9BB, 0x0F9BC, 0x0F9BD, 0x0F9BE, 0x0F9BF,
    0x0F9C0, 0x0F9C1, 0x0F9C2, 0x0F9C3, 0x0F9C4, 0x0F9C5, 0x0F9C6, 0x0F9C7,
    0x0F9C8, 0x0F9C9, 0x0F9CA, 0x0F9CB, 0x0F9CC, 0x0F9CD, 0x0F9CE, 0x0F9CF,
    0x0F9D0, 0x0F9D1, 0x0F9D2, 0x0F9D3, 0x0F9D4, 0x0F9D5, 0x0F9D6, 0x0F9D7,
    0x0F9D8, 0x0F9D9, 0x0F9DA, 0x0F9DB, 0x0F9DC, 0x0F9DD, 0x0F9DE, 0x0F9DF,
    0x0F9E0, 0x0F9E1, 0x0F9E2, 0x0F9E3, 0x0F9E4, 0x0F9E5, 0x0F9E6, 0x0F9E7,
    0x0F9E8, 0x0F9E9, 0x0F9EA, 0x0F9EB, 0x0F9EC, 0x0F9ED, 0x0F9EE, 0x0F9EF,
    0x0F9F0, 0x0F9F1, 0x0F9F2, 0x0F9F3, 0x0F9F4, 0x0F9F5, 0x0F9F6, 0x0F9F7,
    0x0F9F8, 0x0F9F9, 0x0F9FA, 0x0F9FB, 0x0F9FC, 0x0F9FD, 0x0F9FE, 0x0F9FF,
    0x0FA00, 0x0FA01, 0x0FA02, 0x0FA03, 0x0FA04, 0x0FA05, 0x0FA06, 0x0FA07,
    0x0FA08, 0x0FA09, 0x0FA0A, 0x0FA0B, 0x0FA0C, 0x0FA0D, 0x0FA10, 0x0FA12,
    0x0FA15, 0x0FA16, 0x0FA17, 0x0FA18, 0x0FA19, 0x0FA1A, 0x0FA1B, 0x0FA1C,
    0x0FA1D, 0x0FA1E, 0x0FA20, 0x0FA22, 0x0FA25, 0x0FA26, 0x0FA2A, 0x0FA2B,
    0x0FA2C, 0x0FA2D, 0x0FA2E, 0x0FA2F, 0x0FA30, 0x0FA31, 0x0FA32, 0x0FA33,
    0x0FA34, 0x0FA35, 0x0FA36, 0x0FA37, 0x0FA38, 0x0FA39, 0x0FA3A, 0x0FA3B,
    0x0FA3C, 0x0FA3D, 0x0FA3E, 0x0FA3F, 0x0FA40, 0x0FA41, 0x0FA42, 0x0FA43,
    0x0FA44, 0x0FA45, 0x0FA46, 0x0FA47, 0x0FA48, 0x0FA49, 0x0FA4A, 0x0FA4B,
    0x0FA4C, 0x0FA4D, 0x0FA4E, 0x0FA4F, 0x0FA50, 0x0FA51, 0x0FA52, 0x0FA53,
    0x0FA54, 0x0FA55, 0x0FA56, 0x0FA57, 0x0FA58, 0x0FA59, 0x0FA5A, 0x0FA5B,
    0x0FA5C, 0x0FA5D, 0x0FA5E, 0x0FA5F, 0x0FA60, 0x0FA61, 0x0FA62, 0x0FA63,
    0x0FA64, 0x0FA65, 0x0FA66, 0x0FA67, 0x0FA68, 0x0FA69, 0x0FA6A, 0x0FA6B,
    0x0FA6D, 0x0FA70, 0x0FA71, 0x0FA72, 0x0FA73, 0x0FA74, 0x0FA75, 0x0FA76,
    0x0FA77, 0x0FA78, 0x0FA79, 0x0FA7A, 0x0FA7B, 0x0FA7C, 0x0FA7D, 0x0FA7E,
    0x0FA7F, 0x0FA80, 0x0FA81, 0x0FA82, 0x0FA83, 0x0FA84, 0x0FA85, 0x0FA86,
    0x0FA87, 0x0FA88, 0x0FA89, 0x0FA8A, 0x0FA8B, 0x0FA8C, 0x0FA8D, 0x0FA8E,
    0x0FA8F, 0x0FA90, 0x0FA91, 0x0FA92, 0x0FA93, 0x0FA94, 0x0FA95, 0x0FA96,
    0x0FA97, 0x0FA98, 0x0FA99, 0x0FA9A, 0x0FA9B, 0x0FA9C, 0x0FA9D, 0x0FA9E,
    0x0FA9F, 0x0FAA0, 0x0FAA1, 0x0FAA2, 0x0FAA3, 0x0FAA4, 0x0FAA5, 0x0FAA6,
    0x0FAA7, 0x0FAA8, 0x0FAA9, 0x0FAAA, 0x0FAAB, 0x0FAAC, 0x0FAAD, 0x0FAAE,
    0x0FAAF, 0x0FAB0, 0x0FAB1, 0x0FAB2, 0x0FAB3, 0x0FAB4, 0x0FAB5, 0x0FAB6,
    0x0FAB7, 0x0FAB8, 0x0FAB9, 0x0FABA, 0x0FABB, 0x0FABC, 0x0FABD, 0x0FABE,
    0x0FABF, 0x0FAC0, 0x0FAC1, 0x0FAC2, 0x0FAC3, 0x0FAC4, 0x0FAC5, 0x0FAC6,
    0x0FAC7, 0x0FAC8, 0x0FAC9, 0x0FACA, 0x0FACB, 0x0FACC, 0x0FACD, 0x0FACE,
    0x0FAD2, 0x0FAD3, 0x0FAD4, 0x0FAD8, 0x0FAD9, 0x0FB00, 0x0FB01, 0x0FB02,
    0x0FB03, 0x0FB04, 0x0FB05, 0x0FB06, 0x0FB13, 0x0FB14, 0x0FB15, 0x0FB16,
    0x0FB17, 0x0FB1D, 0x0FB1F, 0x0FB20, 0x0FB21, 0x0FB22, 0x0FB23, 0x0FB24,
    0x0FB25, 0x0FB26, 0x0FB27, 0x0FB28, 0x0FB29, 0x0FB2A, 0x0FB2B, 0x0FB2C,
    0x0FB2D, 0x0FB2E, 0x0FB2F, 0x0FB30, 0x0FB31, 0x0FB32, 0x0FB33, 0x0FB34,
    0x0FB35, 0x0FB36, 0x0FB38, 0x0FB39, 0x0FB3A, 0x0FB3B, 0x0FB3C, 0x0FB3E,
    0x0FB40, 0x0FB41, 0x0FB43, 0x0FB44, 0x0FB46, 0x0FB47, 0x0FB48, 0x0FB49,
    0x0FB4A, 0x0FB4B, 0x0FB4C, 0x0FB4D, 0x0FB4E, 0x0FB4F, 0x0FB50, 0x0FB51,
    0x0FB52, 0x0FB53, 0x0FB54, 0x0FB55, 0x0FB56, 0x0FB57, 0x0FB58, 0x0FB59,
    0x0FB5A, 0x0FB5B, 0x0FB5C, 0x0FB5D, 0x0FB5E, 0x0FB5F, 0x0FB60, 0x0FB61,
    0x0FB62, 0x0FB63, 0x0FB64, 0x0FB65, 0x0FB66, 0x0FB67, 0x0FB68, 0x0FB69,
    0x0FB6A, 0x0FB6B, 0x0FB6C, 0x0FB6D, 0x0FB6E, 0x0FB6F, 0x0FB70, 0x0FB71,
    0x0FB72, 0x0FB73, 0x0FB74, 0x0FB75, 0x0FB76, 0x0FB77, 0x0FB78, 0x0FB79,
    0x0FB7A, 0x0FB7B, 0x0FB7C, 0x0FB7D, 0x0FB7E, 0x0FB7F, 0x0FB80, 0x0FB81,
    0x0FB82, 0x0FB83, 0x0FB84, 0x0FB85, 0x0FB86, 0x0FB87, 0x0FB88, 0x0FB89,
    0x0FB8A, 0x0FB8B, 0x0FB8C, 0x0FB8D, 0x0FB8E, 0x0FB8F, 0x0FB90, 0x0FB91,
    0x0FB92, 0x0FB93, 0x0FB94, 0x0FB95, 0x0FB96, 0x0FB97, 0x0FB98, 0x0FB99,
    0x0FB9A, 0x0FB9B, 0x0FB9C, 0x0FB9D, 0x0FB9E, 0x0FB9F, 0x0FBA0, 0x0FBA1,
    0x0FBA2, 0x0FBA3, 0x0FBA4, 0x0FBA5, 0x0FBA6, 0x0FBA7, 0x0FBA8, 0x0FBA9,
    0x0FBAA, 0x0FBAB, 0x0FBAC, 0x0FBAD, 0x0FBAE, 0x0FBAF, 0x0FBB0, 0x0FBB1,
    0x0FBD3, 0x0FBD4, 0x0FBD5, 0x0FBD6, 0x0FBD7, 0x0FBD8, 0x0FBD9, 0x0FBDA,
    0x0FBDB, 0x0FBDC, 0x0FBDD, 0x0FBDE, 0x0FBDF, 0x0FBE0, 0x0FBE1, 0x0FBE2,
    0x0FBE3, 0x0FBE4, 0x0FBE5, 0x0FBE6, 0x0FBE7, 0x0FBE8, 0x0FBE9, 0x0FBEA,
    0x0FBEB, 0x0FBEC, 0x0FBED, 0x0FBEE, 0x0FBEF, 0x0FBF0, 0x0FBF1, 0x0FBF2,
    0x0FBF3, 0x0FBF4, 0x0FBF5, 0x0FBF6, 0x0FBF7, 0x0FBF8, 0x0FBF9, 0x0FBFA,
    0x0FBFB, 0x0FBFC, 0x0FBFD, 0x0FBFE, 0x0FBFF, 0x0FC00, 0x0FC01, 0x0FC02,
    0x0FC03, 0x0FC04, 0x0FC05, 0x0FC06, 0x0FC07, 0x0FC08, 0x0FC09, 0x0FC0A,
    0x0FC0B, 0x0FC0C, 0x0FC0D, 0x0FC0E, 0x0FC0F, 0x0FC10, 0x0FC11, 0x0FC12,
    0x0FC13, 0x0FC14, 0x0FC15, 0x0FC16, 0x0FC17, 0x0FC18, 0x0FC19, 0x0FC1A,
    0x0FC1B, 0x0FC1C, 0x0FC1D, 0x0FC1E, 0x0FC1F, 0x0FC20, 0x0FC21, 0x0FC22,
    0x0FC23, 0x0FC24, 0x0FC25, 0x0FC26, 0x0FC27, 0x0FC28, 0x0FC29, 0x0FC2A,
    0x0FC2B, 0x0FC2C, 0x0FC2D, 0x0FC2E, 0x0FC2F, 0x0FC30, 0x0FC31, 0x0FC32,
    0x0FC33, 0x0FC34, 0x0FC35, 0x0FC36, 0x0FC37, 0x0FC38, 0x0FC39, 0x0FC3A,
    0x0FC3B, 0x0FC3C, 0x0FC3D, 0x0FC3E, 0x0FC3F, 0x0FC40, 0x0FC41, 0x0FC42,
    0x0FC43, 0x0FC44, 0x0FC45, 0x0FC46, 0x0FC47, 0x0FC48, 0x0FC49, 0x0FC4A,
    0x0FC4B, 0x0FC4C, 0x0FC4D, 0x0FC4E, 0x0FC4F, 0x0FC50, 0x0FC51, 0x0FC52,
    0x0FC53, 0x0FC54, 0x0FC55, 0x0FC56, 0x0FC57, 0x0FC58, 0x0FC59, 0x0FC5A,
    0x0FC5B, 0x0FC5C, 0x0FC5D, 0x0FC64, 0x0FC65, 0x0FC66, 0x0FC67, 0x0FC68,
    0x0FC69, 0x0FC6A, 0x0FC6B, 0x0FC6C, 0x0FC6D, 0x0FC6E, 0x0FC6F, 0x0FC70,
    0x0FC71, 0x0FC72, 0x0FC73, 0x0FC74, 0x0FC75, 0x0FC76, 0x0FC77, 0x0FC78,
    0x0FC79, 0x0FC7A, 0x0FC7B, 0x0FC7C, 0x0FC7D, 0x0FC7E, 0x0FC7F, 0x0FC80,
    0x0FC81, 0x0FC82, 0x0FC83, 0x0FC84, 0x0FC85, 0x0FC86, 0x0FC87, 0x0FC88,
    0x0FC89, 0x0FC8A, 0x0FC8B, 0x0FC8C, 0x0FC8D, 0x0FC8E, 0x0FC8F, 0x0FC90,
    0x0FC91, 0x0FC92, 0x0FC93, 0x0FC94, 0x0FC95, 0x0FC96, 0x0FC97, 0x0FC98,
    0x0FC99, 0x0FC9A, 0x0FC9B, 0x0FC9C, 0x0FC9D, 0x0FC9E, 0x0FC9F, 0x0FCA0,
    0x0FCA1, 0x0FCA2, 0x0FCA3, 0x0FCA4, 0x0FCA5, 0x0FCA6, 0x0FCA7, 0x0FCA8,
    0x0FCA9, 0x0FCAA, 0x0FCAB, 0x0FCAC, 0x0FCAD, 0x0FCAE, 0x0FCAF, 0x0FCB0,
    0x0FCB1, 0x0FCB2, 0x0FCB3, 0x0FCB4, 0x0FCB5, 0x0FCB6, 0x0FCB7, 0x0FCB8,
    0x0FCB9, 0x0FCBA, 0x0FCBB, 0x0FCBC, 0x0FCBD, 0x0FCBE, 0x0FCBF, 0x0FCC0,
    0x0FCC1, 0x0FCC2, 0x0FCC3, 0x0FCC4, 0x0FCC5, 0x0FCC6, 0x0FCC7, 0x0FCC8,
    0x0FCC9, 0x0FCCA, 0x0FCCB, 0x0FCCC, 0x0FCCD, 0x0FCCE, 0x0FCCF, 0x0FCD0,
    0x0FCD1, 0x0FCD2, 0x0FCD3, 0x0FCD4, 0x0FCD5, 0x0FCD6, 0x0FCD7, 0x0FCD8,
    0x0FCD9, 0x0FCDA, 0x0FCDB, 0x0FCDC, 0x0FCDD, 0x0FCDE, 0x0FCDF, 0x0FCE0,
    0x0FCE1, 0x0FCE2, 0x0FCE3, 0x0FCE4, 0x0FCE5, 0x0FCE6, 0x0FCE7, 0x0FCE8,
    0x0FCE9, 0x0FCEA, 0x0FCEB, 0x0FCEC, 0x0FCED, 0x0FCEE, 0x0FCEF, 0x0FCF0,
    0x0FCF1, 0x0FCF2, 0x0FCF3, 0x0FCF4, 0x0FCF5, 0x0FCF6, 0x0FCF7, 0x0FCF8,
    0x0FCF9, 0x0FCFA, 0x0FCFB, 0x0FCFC, 0x0FCFD, 0x0FCFE, 0x0FCFF, 0x0FD00,
    0x0FD01, 0x0FD02, 0x0FD03, 0x0FD04, 0x0FD05, 0x0FD06, 0x0FD07, 0x0FD08,
    0x0FD09, 0x0FD0A, 0x0FD0B, 0x0FD0C, 0x0FD0D, 0x0FD0E, 0x0FD0F, 0x0FD10,
    0x0FD11, 0x0FD12, 0x0FD13, 0x0FD14, 0x0FD15, 0x0FD16, 0x0FD17, 0x0FD18,
    0x0FD19, 0x0FD1A, 0x0FD1B, 0x0FD1C, 0x0FD1D, 0x0FD1E, 0x0FD1F, 0x0FD20,
    0x0FD21, 0x0FD22, 0x0FD23, 0x0FD24, 0x0FD25, 0x0FD26, 0x0FD27, 0x0FD28,
    0x0FD29, 0x0FD2A, 0x0FD2B, 0x0FD2C, 0x0FD2D, 0x0FD2E, 0x0FD2F, 0x0FD30,
    0x0FD31, 0x0FD32, 0x0FD33, 0x0FD34, 0x0FD35, 0x0FD36, 0x0FD37, 0x0FD38,
    0x0FD39, 0x0FD3A, 0x0FD3B, 0x0FD3C, 0x0FD3D, 0x0FD50, 0x0FD51, 0x0FD52,
    0x0FD53, 0x0FD54, 0x0FD55, 0x0FD56, 0x0FD57, 0x0FD58, 0x0FD59, 0x0FD5A,
    0x0FD5B, 0x0FD5C, 0x0FD5D, 0x0FD5E, 0x0FD5F, 0x0FD60, 0x0FD61, 0x0FD62,
    0x0FD63, 0x0FD64, 0x0FD65, 0x0FD66, 0x0FD67, 0x0FD68, 0x0FD69, 0x0FD6A,
    0x0FD6B, 0x0FD6C, 0x0FD6D, 0x0FD6E, 0x0FD6F, 0x0FD70, 0x0FD71, 0x0FD72,
    0x0FD73, 0x0FD74, 0x0FD75, 0x0FD76, 0x0FD77, 0x0FD78, 0x0FD79, 0x0FD7A,
    0x0FD7B, 0x0FD7C, 0x0FD7D, 0x0FD7E, 0x0FD7F, 0x0FD80, 0x0FD81, 0x0FD82,
    0x0FD83, 0x0FD84, 0x0FD85, 0x0FD86, 0x0FD87, 0x0FD88, 0x0FD89, 0x0FD8A,
    0x0FD8B, 0x0FD8C, 0x0FD8D, 0x0FD8E, 0x0FD8F, 0x0FD92, 0x0FD93, 0x0FD94,
    0x0FD95, 0x0FD96, 0x0FD97, 0x0FD98, 0x0FD99, 0x0FD9A, 0x0FD9B, 0x0FD9C,
    0x0FD9D, 0x0FD9E, 0x0FD9F, 0x0FDA0, 0x0FDA1, 0x0FDA2, 0x0FDA3, 0x0FDA4,
    0x0FDA5, 0x0FDA6, 0x0FDA7, 0x0FDA8, 0x0FDA9, 0x0FDAA, 0x0FDAB, 0x0FDAC,
    0x0FDAD, 0x0FDAE, 0x0FDAF, 0x0FDB0, 0x0FDB1, 0x0FDB2, 0x0FDB3, 0x0FDB4,
    0x0FDB5, 0x0FDB6, 0x0FDB7, 0x0FDB8, 0x0FDB9, 0x0FDBA, 0x0FDBB, 0x0FDBC,
    0x0FDBD, 0x0FDBE, 0x0FDBF, 0x0FDC0, 0x0FDC1, 0x0FDC2, 0x0FDC3, 0x0FDC4,
    0x0FDC5, 0x0FDC6, 0x0FDC7, 0x0FDF0, 0x0FDF1, 0x0FDF2, 0x0FDF3, 0x0FDF4,
    0x0FDF5, 0x0FDF6, 0x0FDF7, 0x0FDF8, 0x0FDF9, 0x0FDFA, 0x0FDFB, 0x0FDFC,
    0x0FE10, 0x0FE11, 0x0FE12, 0x0FE13, 0x0FE14, 0x0FE15, 0x0FE16, 0x0FE17,
    0x0FE18, 0x0FE19, 0x0FE30, 0x0FE31, 0x0FE32, 0x0FE33, 0x0FE34, 0x0FE35,
    0x0FE36, 0x0FE37, 0x0FE38, 0x0FE39, 0x0FE3A, 0x0FE3B, 0x0FE3C, 0x0FE3D,
    0x0FE3E, 0x0FE3F, 0x0FE40, 0x0FE41, 0x0FE42, 0x0FE43, 0x0FE44, 0x0FE47,
    0x0FE48, 0x0FE49, 0x0FE4A, 0x0FE4B, 0x0FE4C, 0x0FE4D, 0x0FE4E, 0x0FE4F,
    0x0FE50, 0x0FE51, 0x0FE52, 0x0FE54, 0x0FE55, 0x0FE56, 0x0FE57, 0x0FE58,
    0x0FE59, 0x0FE5A, 0x0FE5B, 0x0FE5C, 0x0FE5D, 0x0FE5E, 0x0FE5F, 0x0FE60,
    0x0FE61, 0x0FE62, 0x0FE63, 0x0FE64, 0x0FE65, 0x0FE66, 0x0FE68, 0x0FE69,
    0x0FE6A, 0x0FE6B, 0x0FE71, 0x0FE77, 0x0FE79, 0x0FE7B, 0x0FE7D, 0x0FE7F,
    0x0FE80, 0x0FE81, 0x0FE82, 0x0FE83, 0x0FE84, 0x0FE85, 0x0FE86, 0x0FE87,
    0x0FE88, 0x0FE89, 0x0FE8A, 0x0FE8B, 0x0FE8C, 0x0FE8D, 0x0FE8E, 0x0FE8F,
    0x0FE90, 0x0FE91, 0x0FE92, 0x0FE93, 0x0FE94, 0x0FE95, 0x0FE96, 0x0FE97,
    0x0FE98, 0x0FE99, 0x0FE9A, 0x0FE9B, 0x0FE9C, 0x0FE9D, 0x0FE9E, 0x0FE9F,
    0x0FEA0, 0x0FEA1, 0x0FEA2, 0x0FEA3, 0x0FEA4, 0x0FEA5, 0x0FEA6, 0x0FEA7,
    0x0FEA8, 0x0FEA9, 0x0FEAA, 0x0FEAB, 0x0FEAC, 0x0FEAD, 0x0FEAE, 0x0FEAF,
    0x0FEB0, 0x0FEB1, 0x0FEB2, 0x0FEB3, 0x0FEB4, 0x0FEB5, 0x0FEB6, 0x0FEB7,
    0x0FEB8, 0x0FEB9, 0x0FEBA, 0x0FEBB, 0x0FEBC, 0x0FEBD, 0x0FEBE, 0x0FEBF,
    0x0FEC0, 0x0FEC1, 0x0FEC2, 0x0FEC3, 0x0FEC4, 0x0FEC5, 0x0FEC6, 0x0FEC7,
    0x0FEC8, 0x0FEC9, 0x0FECA, 0x0FECB, 0x0FECC, 0x0FECD, 0x0FECE, 0x0FECF,
    0x0FED0, 0x0FED1, 0x0FED2, 0x0FED3, 0x0FED4, 0x0FED5, 0x0FED6, 0x0FED7,
    0x0FED8, 0x0FED9, 0x0FEDA, 0x0FEDB, 0x0FEDC, 0x0FEDD, 0x0FEDE, 0x0FEDF,
    0x0FEE0, 0x0FEE1, 0x0FEE2, 0x0FEE3, 0x0FEE4, 0x0FEE5, 0x0FEE6, 0x0FEE7,
    0x0FEE8, 0x0FEE9, 0x0FEEA, 0x0FEEB, 0x0FEEC, 0x0FEED, 0x0FEEE, 0x0FEEF,
    0x0FEF0, 0x0FEF1, 0x0FEF2, 0x0FEF3, 0x0FEF4, 0x0FEF5, 0x0FEF6, 0x0FEF7,
    0x0FEF8, 0x0FEF9, 0x0FEFA, 0x0FEFB, 0x0FEFC, 0x0FF01, 0x0FF02, 0x0FF03,
    0x0FF04, 0x0FF05, 0x0FF06, 0x0FF07, 0x0FF08, 0x0FF09, 0x0FF0A, 0x0FF0B,
    0x0FF0C, 0x0FF0D, 0x0FF0E, 0x0FF0F, 0x0FF10, 0x0FF11, 0x0FF12, 0x0FF13,
    0x0FF14, 0x0FF15, 0x0FF16, 0x0FF17, 0x0FF18, 0x0FF19, 0x0FF1A, 0x0FF1B,
    0x0FF1C, 0x0FF1D, 0x0FF1E, 0x0FF1F, 0x0FF20, 0x0FF21, 0x0FF22, 0x0FF23,
    0x0FF24, 0x0FF25, 0x0FF26, 0x0FF27, 0x0FF28, 0x0FF29, 0x0FF2A, 0x0FF2B,
    0x0FF2C, 0x0FF2D, 0x0FF2E, 0x0FF2F, 0x0FF30, 0x0FF31, 0x0FF32, 0x0FF33,
    0x0FF34, 0x0FF35, 0x0FF36, 0x0FF37, 0x0FF38, 0x0FF39, 0x0FF3A, 0x0FF3B,
    0x0FF3C, 0x0FF3D, 0x0FF3E, 0x0FF3F, 0x0FF40, 0x0FF41, 0x0FF42, 0x0FF43,
    0x0FF44, 0x0FF45, 0x0FF46, 0x0FF47, 0x0FF48, 0x0FF49, 0x0FF4A, 0x0FF4B,
    0x0FF4C, 0x0FF4D, 0x0FF4E, 0x0FF4F, 0x0FF50, 0x0FF51, 0x0FF52, 0x0FF53,
    0x0FF54, 0x0FF55, 0x0FF56, 0x0FF57, 0x0FF58, 0x0FF59, 0x0FF5A, 0x0FF5B,
    0x0FF5C, 0x0FF5D, 0x0FF5E, 0x0FF5F, 0x0FF60, 0x0FF61, 0x0FF62, 0x0FF63,
    0x0FF64, 0x0FF65, 0x0FF66, 0x0FF67, 0x0FF68, 0x0FF69, 0x0FF6A, 0x0FF6B,
    0x0FF6C, 0x0FF6D, 0x0FF6E, 0x0FF6F, 0x0FF70, 0x0FF71, 0x0FF72, 0x0FF73,
    0x0FF74, 0x0FF75, 0x0FF76, 0x0FF77, 0x0FF78, 0x0FF79, 0x0FF7A, 0x0FF7B,
    0x0FF7C, 0x0FF7D, 0x0FF7E, 0x0FF7F, 0x0FF80, 0x0FF81, 0x0FF82, 0x0FF83,
    0x0FF84, 0x0FF85, 0x0FF86, 0x0FF87, 0x0FF88, 0x0FF89, 0x0FF8A, 0x0FF8B,
    0x0FF8C, 0x0FF8D, 0x0FF8E, 0x0FF8F, 0x0FF90, 0x0FF91, 0x0FF92, 0x0FF93,
    0x0FF94, 0x0FF95, 0x0FF96, 0x0FF97, 0x0FF98, 0x0FF99, 0x0FF9A, 0x0FF9B,
    0x0FF9C, 0x0FF9D, 0x0FFA0, 0x0FFA1, 0x0FFA2, 0x0FFA3, 0x0FFA4, 0x0FFA5,
    0x0FFA6, 0x0FFA7, 0x0FFA8, 0x0FFA9, 0x0FFAA, 0x0FFAB, 0x0FFAC, 0x0FFAD,
    0x0FFAE, 0x0FFAF, 0x0FFB0, 0x0FFB1, 0x0FFB2, 0x0FFB3, 0x0FFB4, 0x0FFB5,
    0x0FFB6, 0x0FFB7, 0x0FFB8, 0x0FFB9, 0x0FFBA, 0x0FFBB, 0x0FFBC, 0x0FFBD,
    0x0FFBE, 0x0FFC2, 0x0FFC3, 0x0FFC4, 0x0FFC5, 0x0FFC6, 0x0FFC7, 0x0FFCA,
    0x0FFCB, 0x0FFCC, 0x0FFCD, 0x0FFCE, 0x0FFCF, 0x0FFD2, 0x0FFD3, 0x0FFD4,
    0x0FFD5, 0x0FFD6, 0x0FFD7, 0x0FFDA, 0x0FFDB, 0x0FFDC, 0x0FFE0, 0x0FFE1,
    0x0FFE2, 0x0FFE3, 0x0FFE4, 0x0FFE5, 0x0FFE6, 0x0FFE8, 0x0FFE9, 0x0FFEA,
    0x0FFEB, 0x0FFEC, 0x0FFED, 0x0FFEE, 0x10781, 0x10782, 0x10783, 0x10784,
    0x10785, 0x10787, 0x10788, 0x10789, 0x1078A, 0x1078B, 0x1078C, 0x1078D,
    0x1078E, 0x1078F, 0x10790, 0x10791, 0x10792, 0x10793, 0x10794, 0x10795,
    0x10796, 0x10797, 0x10798, 0x10799, 0x1079A, 0x1079B, 0x1079D, 0x1079E,
    0x107A0, 0x107A2, 0x107A3, 0x107A4, 0x107A5, 0x107A6, 0x107A8, 0x107A9,
    0x107AA, 0x107AB, 0x107AC, 0x107AD, 0x107AE, 0x107AF, 0x107B0, 0x107B2,
    0x107B3, 0x107B4, 0x107B5, 0x107B6, 0x107B7, 0x107B8, 0x1CCD6, 0x1CCD7,
    0x1CCD8, 0x1CCD9, 0x1CCDA, 0x1CCDB, 0x1CCDC, 0x1CCDD, 0x1CCDE, 0x1CCDF,
    0x1CCE0, 0x1CCE1, 0x1CCE2, 0x1CCE3, 0x1CCE4, 0x1CCE5, 0x1CCE6, 0x1CCE7,
    0x1CCE8, 0x1CCE9, 0x1CCEA, 0x1CCEB, 0x1CCEC, 0x1CCED, 0x1CCEE, 0x1CCEF,
    0x1CCF0, 0x1CCF1, 0x1CCF2, 0x1CCF3, 0x1CCF4, 0x1CCF5, 0x1CCF6, 0x1CCF7,
    0x1CCF8, 0x1CCF9, 0x1D400, 0x1D401, 0x1D402, 0x1D403, 0x1D404, 0x1D405,
    0x1D406, 0x1D407, 0x1D408, 0x1D409, 0x1D40A, 0x1D40B, 0x1D40C, 0x1D40D,
    0x1D40E, 0x1D40F, 0x1D410, 0x1D411, 0x1D412, 0x1D413, 0x1D414, 0x1D415,
    0x1D416, 0x1D417, 0x1D418, 0x1D419, 0x1D41A, 0x1D41B, 0x1D41C, 0x1D41D,
    0x1D41E, 0x1D41F, 0x1D420, 0x1D421, 0x1D422, 0x1D423, 0x1D424, 0x1D425,
    0x1D426, 0x1D427, 0x1D428, 0x1D429, 0x1D42A, 0x1D42B, 0x1D42C, 0x1D42D,
    0x1D42E, 0x1D42F, 0x1D430, 0x1D431, 0x1D432, 0x1D433, 0x1D434, 0x1D435,
    0x1D436, 0x1D437, 0x1D438, 0x1D439, 0x1D43A, 0x1D43B, 0x1D43C, 0x1D43D,
    0x1D43E, 0x1D43F, 0x1D440, 0x1D441, 0x1D442, 0x1D443, 0x1D444, 0x1D445,
    0x1D446, 0x1D447, 0x1D448, 0x1D449, 0x1D44A, 0x1D44B, 0x1D44C, 0x1D44D,
    0x1D44E, 0x1D44F, 0x1D450, 0x1D451, 0x1D452, 0x1D453, 0x1D454, 0x1D456,
    0x1D457, 0x1D458, 0x1D459, 0x1D45A, 0x1D45B, 0x1D45C, 0x1D45D, 0x1D45E,
    0x1D45F, 0x1D460, 0x1D461, 0x1D462, 0x1D463, 0x1D464, 0x1D465, 0x1D466,
    0x1D467, 0x1D468, 0x1D469, 0x1D46A, 0x1D46B, 0x1D46C, 0x1D46D, 0x1D46E,
    0x1D46F, 0x1D470, 0x1D471, 0x1D472, 0x1D473, 0x1D474, 0x1D475, 0x1D476,
    0x1D477, 0x1D478, 0x1D479, 0x1D47A, 0x1D47B, 0x1D47C, 0x1D47D, 0x1D47E,
    0x1D47F, 0x1D480, 0x1D481, 0x1D482, 0x1D483, 0x1D484, 0x1D485, 0x1D486,
    0x1D487, 0x1D488, 0x1D489, 0x1D48A, 0x1D48B, 0x1D48C, 0x1D48D, 0x1D48E,
    0x1D48F, 0x1D490, 0x1D491, 0x1D492, 0x1D493, 0x1D494, 0x1D495, 0x1D496,
    0x1D497, 0x1D498, 0x1D499, 0x1D49A, 0x1D49B, 0x1D49C, 0x1D49E, 0x1D49F,
    0x1D4A2, 0x1D4A5, 0x1D4A6, 0x1D4A9, 0x1D4AA, 0x1D4AB, 0x1D4AC, 0x1D4AE,
    0x1D4AF, 0x1D4B0, 0x1D4B1, 0x1D4B2, 0x1D4B3, 0x1D4B4, 0x1D4B5, 0x1D4B6,
    0x1D4B7, 0x1D4B8, 0x1D4B9, 0x1D4BB, 0x1D4BD, 0x1D4BE, 0x1D4BF, 0x1D4C0,
    0x1D4C1, 0x1D4C2, 0x1D4C3, 0x1D4C5, 0x1D4C6, 0x1D4C7, 0x1D4C8, 0x1D4C9,
    0x1D4CA, 0x1D4CB, 0x1D4CC, 0x1D4CD, 0x1D4CE, 0x1D4CF, 0x1D4D0, 0x1D4D1,
    0x1D4D2, 0x1D4D3, 0x1D4D4, 0x1D4D5, 0x1D4D6, 0x1D4D7, 0x1D4D8, 0x1D4D9,
    0x1D4DA, 0x1D4DB, 0x1D4DC, 0x1D4DD, 0x1D4DE, 0x1D4DF, 0x1D4E0, 0x1D4E1,
    0x1D4E2, 0x1D4E3, 0x1D4E4, 0x1D4E5, 0x1D4E6, 0x1D4E7, 0x1D4E8, 0x1D4E9,
    0x1D4EA, 0x1D4EB, 0x1D4EC, 0x1D4ED, 0x1D4EE, 0x1D4EF, 0x1D4F0, 0x1D4F1,
    0x1D4F2, 0x1D4F3, 0x1D4F4, 0x1D4F5, 0x1D4F6, 0x1D4F7, 0x1D4F8, 0x1D4F9,
    0x1D4FA, 0x1D4FB, 0x1D4FC, 0x1D4FD, 0x1D4FE, 0x1D4FF, 0x1D500, 0x1D501,
    0x1D502, 0x1D503, 0x1D504, 0x1D505, 0x1D507, 0x1D508, 0x1D509, 0x1D50A,
    0x1D50D, 0x1D50E, 0x1D50F, 0x1D510, 0x1D511, 0x1D512, 0x1D513, 0x1D514,
    0x1D516, 0x1D517, 0x1D518, 0x1D519, 0x1D51A, 0x1D51B, 0x1D51C, 0x1D51E,
    0x1D51F, 0x1D520, 0x1D521, 0x1D522, 0x1D523, 0x1D524, 0x1D525, 0x1D526,
    0x1D527, 0x1D528, 0x1D529, 0x1D52A, 0x1D52B, 0x1D52C, 0x1D52D, 0x1D52E,
    0x1D52F, 0x1D530, 0x1D531, 0x1D532, 0x1D533, 0x1D534, 0x1D535, 0x1D536,
    0x1D537, 0x1D538, 0x1D539, 0x1D53B, 0x1D53C, 0x1D53D, 0x1D53E, 0x1D540,
    0x1D541, 0x1D542, 0x1D543, 0x1D544, 0x1D546, 0x1D54A, 0x1D54B, 0x1D54C,
    0x1D54D, 0x1D54E, 0x1D54F, 0x1D550, 0x1D552, 0x1D553, 0x1D554, 0x1D555,
    0x1D556, 0x1D557, 0x1D558, 0x1D559, 0x1D55A, 0x1D55B, 0x1D55C, 0x1D55D,
    0x1D55E, 0x1D55F, 0x1D560, 0x1D561, 0x1D562, 0x1D563, 0x1D564, 0x1D565,
    0x1D566, 0x1D567, 0x1D568, 0x1D569, 0x1D56A, 0x1D56B, 0x1D56C, 0x1D56D,
    0x1D56E, 0x1D56F, 0x1D570, 0x1D571, 0x1D572, 0x1D573, 0x1D574, 0x1D575,
    0x1D576, 0x1D577, 0x1D578, 0x1D579, 0x1D57A, 0x1D57B, 0x1D57C, 0x1D57D,
    0x1D57E, 0x1D57F, 0x1D580, 0x1D581, 0x1D582, 0x1D583, 0x1D584, 0x1D585,
    0x1D586, 0x1D587, 0x1D588, 0x1D589, 0x1D58A, 0x1D58B, 0x1D58C, 0x1D58D,
    0x1D58E, 0x1D58F, 0x1D590, 0x1D591, 0x1D592, 0x1D593, 0x1D594, 0x1D595,
    0x1D596, 0x1D597, 0x1D598, 0x1D599, 0x1D59A, 0x1D59B, 0x1D59C, 0x1D59D,
    0x1D59E, 0x1D59F, 0x1D5A0, 0x1D5A1, 0x1D5A2, 0x1D5A3, 0x1D5A4, 0x1D5A5,
    0x1D5A6, 0x1D5A7, 0x1D5A8, 0x1D5A9, 0x1D5AA, 0x1D5AB, 0x1D5AC, 0x1D5AD,
    0x1D5AE, 0x1D5AF, 0x1D5B0, 0x1D5B1, 0x1D5B2, 0x1D5B3, 0x1D5B4, 0x1D5B5,
    0x1D5B6, 0x1D5B7, 0x1D5B8, 0x1D5B9, 0x1D5BA, 0x1D5BB, 0x1D5BC, 0x1D5BD,
    0x1D5BE, 0x1D5BF, 0x1D5C0, 0x1D5C1, 0x1D5C2, 0x1D5C3, 0x1D5C4, 0x1D5C5,
    0x1D5C6, 0x1D5C7, 0x1D5C8, 0x1D5C9, 0x1D5CA, 0x1D5CB, 0x1D5CC, 0x1D5CD,
    0x1D5CE, 0x1D5CF, 0x1D5D0, 0x1D5D1, 0x1D5D2, 0x1D5D3, 0x1D5D4, 0x1D5D5,
    0x1D5D6, 0x1D5D7, 0x1D5D8, 0x1D5D9, 0x1D5DA, 0x1D5DB, 0x1D5DC, 0x1D5DD,
    0x1D5DE, 0x1D5DF, 0x1D5E0, 0x1D5E1, 0x1D5E2, 0x1D5E3, 0x1D5E4, 0x1D5E5,
    0x1D5E6, 0x1D5E7, 0x1D5E8, 0x1D5E9, 0x1D5EA, 0x1D5EB, 0x1D5EC, 0x1D5ED,
    0x1D5EE, 0x1D5EF, 0x1D5F0, 0x1D5F1, 0x1D5F2, 0x1D5F3, 0x1D5F4, 0x1D5F5,
    0x1D5F6, 0x1D5F7, 0x1D5F8, 0x1D5F9, 0x1D5FA, 0x1D5FB, 0x1D5FC, 0x1D5FD,
    0x1D5FE, 0x1D5FF, 0x1D600, 0x1D601, 0x1D602, 0x1D603, 0x1D604, 0x1D605,
    0x1D606, 0x1D607, 0x1D608, 0x1D609, 0x1D60A, 0x1D60B, 0x1D60C, 0x1D60D,
    0x1D60E, 0x1D60F, 0x1D610, 0x1D611, 0x1D612, 0x1D613, 0x1D614, 0x1D615,
    0x1D616, 0x1D617, 0x1D618, 0x1D619, 0x1D61A, 0x1D61B, 0x1D61C, 0x1D61D,
    0x1D61E, 0x1D61F, 0x1D620, 0x1D621, 0x1D622, 0x1D623, 0x1D624, 0x1D625,
    0x1D626, 0x1D627, 0x1D628, 0x1D629, 0x1D62A, 0x1D62B, 0x1D62C, 0x1D62D,
    0x1D62E, 0x1D62F, 0x1D630, 0x1D631, 0x1D632, 0x1D633, 0x1D634, 0x1D635,
    0x1D636, 0x1D637, 0x1D638, 0x1D639, 0x1D63A, 0x1D63B, 0x1D63C, 0x1D63D,
    0x1D63E, 0x1D63F, 0x1D640, 0x1D641, 0x1D642, 0x1D643, 0x1D644, 0x1D645,
    0x1D646, 0x1D647, 0x1D648, 0x1D649, 0x1D64A, 0x1D64B, 0x1D64C, 0x1D64D,
    0x1D64E, 0x1D64F, 0x1D650, 0x1D651, 0x1D652, 0x1D653, 0x1D654, 0x1D655,
    0x1D656, 0x1D657, 0x1D658, 0x1D659, 0x1D65A, 0x1D65B, 0x1D65C, 0x1D65D,
    0x1D65E, 0x1D65F, 0x1D660, 0x1D661, 0x1D662, 0x1D663, 0x1D664, 0x1D665,
    0x1D666, 0x1D667, 0x1D668, 0x1D669, 0x1D66A, 0x1D66B, 0x1D66C, 0x1D66D,
    0x1D66E, 0x1D66F, 0x1D670, 0x1D671, 0x1D672, 0x1D673, 0x1D674, 0x1D675,
    0x1D676, 0x1D677, 0x1D678, 0x1D679, 0x1D67A, 0x1D67B, 0x1D67C, 0x1D67D,
    0x1D67E, 0x1D67F, 0x1D680, 0x1D681, 0x1D682, 0x1D683, 0x1D684, 0x1D685,
    0x1D686, 0x1D687, 0x1D688, 0x1D689, 0x1D68A, 0x1D68B, 0x1D68C, 0x1D68D,
    0x1D68E, 0x1D68F, 0x1D690, 0x1D691, 0x1D692, 0x1D693, 0x1D694, 0x1D695,
    0x1D696, 0x1D697, 0x1D698, 0x1D699, 0x1D69A, 0x1D69B, 0x1D69C, 0x1D69D,
    0x1D69E, 0x1D69F, 0x1D6A0, 0x1D6A1, 0x1D6A2, 0x1D6A3, 0x1D6A4, 0x1D6A5,
    0x1D6A8, 0x1D6A9, 0x1D6AA, 0x1D6AB, 0x1D6AC, 0x1D6AD, 0x1D6AE, 0x1D6AF,
    0x1D6B0, 0x1D6B1, 0x1D6B2, 0x1D6B3, 0x1D6B4, 0x1D6B5, 0x1D6B6, 0x1D6B7,
    0x1D6B8, 0x1D6B9, 0x1D6BA, 0x1D6BB, 0x1D6BC, 0x1D6BD, 0x1D6BE, 0x1D6BF,
    0x1D6C0, 0x1D6C1, 0x1D6C2, 0x1D6C3, 0x1D6C4, 0x1D6C5, 0x1D6C6, 0x1D6C7,
    0x1D6C8, 0x1D6C9, 0x1D6CA, 0x1D6CB, 0x1D6CC, 0x1D6CD, 0x1D6CE, 0x1D6CF,
    0x1D6D0, 0x1D6D1, 0x1D6D2, 0x1D6D3, 0x1D6D4, 0x1D6D5, 0x1D6D6, 0x1D6D7,
    0x1D6D8, 0x1D6D9, 0x1D6DA, 0x1D6DB, 0x1D6DC, 0x1D6DD, 0x1D6DE, 0x1D6DF,
    0x1D6E0, 0x1D6E1, 0x1D6E2, 0x1D6E3, 0x1D6E4, 0x1D6E5, 0x1D6E6, 0x1D6E7,
    0x1D6E8, 0x1D6E9, 0x1D6EA, 0x1D6EB, 0x1D6EC, 0x1D6ED, 0x1D6EE, 0x1D6EF,
    0x1D6F0, 0x1D6F1, 0x1D6F2, 0x1D6F3, 0x1D6F4, 0x1D6F5, 0x1D6F6, 0x1D6F7,
    0x1D6F8, 0x1D6F9, 0x1D6FA, 0x1D6FB, 0x1D6FC, 0x1D6FD, 0x1D6FE, 0x1D6FF,
    0x1D700, 0x1D701, 0x1D702, 0x1D703, 0x1D704, 0x1D705, 0x1D706, 0x1D707,
    0x1D708, 0x1D709, 0x1D70A, 0x1D70B, 0x1D70C, 0x1D70D, 0x1D70E, 0x1D70F,
    0x1D710, 0x1D711, 0x1D712, 0x1D713, 0x1D714, 0x1D715, 0x1D716, 0x1D717,
    0x1D718, 0x1D719, 0x1D71A, 0x1D71B, 0x1D71C, 0x1D71D, 0x1D71E, 0x1D71F,
    0x1D720, 0x1D721, 0x1D722, 0x1D723, 0x1D724, 0x1D725, 0x1D726, 0x1D727,
    0x1D728, 0x1D729, 0x1D72A, 0x1D72B, 0x1D72C, 0x1D72D, 0x1D72E, 0x1D72F,
    0x1D730, 0x1D731, 0x1D732, 0x1D733, 0x1D734, 0x1D735, 0x1D736, 0x1D737,
    0x1D738, 0x1D739, 0x1D73A, 0x1D73B, 0x1D73C, 0x1D73D, 0x1D73E, 0x1D73F,
    0x1D740, 0x1D741, 0x1D742, 0x1D743, 0x1D744, 0x1D745, 0x1D746, 0x1D747,
    0x1D748, 0x1D749, 0x1D74A, 0x1D74B, 0x1D74C, 0x1D74D, 0x1D74E, 0x1D74F,
    0x1D750, 0x1D751, 0x1D752, 0x1D753, 0x1D754, 0x1D755, 0x1D756, 0x1D757,
    0x1D758, 0x1D759, 0x1D75A, 0x1D75B, 0x1D75C, 0x1D75D, 0x1D75E, 0x1D75F,
    0x1D760, 0x1D761, 0x1D762, 0x1D763, 0x1D764, 0x1D765, 0x1D766, 0x1D767,
    0x1D768, 0x1D769, 0x1D76A, 0x1D76B, 0x1D76C, 0x1D76D, 0x1D76E, 0x1D76F,
    0x1D770, 0x1D771, 0x1D772, 0x1D773, 0x1D774, 0x1D775, 0x1D776, 0x1D777,
    0x1D778, 0x1D779, 0x1D77A, 0x1D77B, 0x1D77C, 0x1D77D, 0x1D77E, 0x1D77F,
    0x1D780, 0x1D781, 0x1D782, 0x1D783, 0x1D784, 0x1D785, 0x1D786, 0x1D787,
    0x1D788, 0x1D789, 0x1D78A, 0x1D78B, 0x1D78C, 0x1D78D, 0x1D78E, 0x1D78F,
    0x1D790, 0x1D791, 0x1D792, 0x1D793, 0x1D794, 0x1D795, 0x1D796, 0x1D797,
    0x1D798, 0x1D799, 0x1D79A, 0x1D79B, 0x1D79C, 0x1D79D, 0x1D79E, 0x1D79F,
    0x1D7A0, 0x1D7A1, 0x1D7A2, 0x1D7A3, 0x1D7A4, 0x1D7A5, 0x1D7A6, 0x1D7A7,
    0x1D7A8, 0x1D7A9, 0x1D7AA, 0x1D7AB, 0x1D7AC, 0x1D7AD, 0x1D7AE, 0x1D7AF,
    0x1D7B0, 0x1D7B1, 0x1D7B2, 0x1D7B3, 0x1D7B4, 0x1D7B5, 0x1D7B6, 0x1D7B7,
    0x1D7B8, 0x1D7B9, 0x1D7BA, 0x1D7BB, 0x1D7BC, 0x1D7BD, 0x1D7BE, 0x1D7BF,
    0x1D7C0, 0x1D7C1, 0x1D7C2, 0x1D7C3, 0x1D7C4, 0x1D7C5, 0x1D7C6, 0x1D7C7,
    0x1D7C8, 0x1D7C9, 0x1D7CA, 0x1D7CB, 0x1D7CE, 0x1D7CF, 0x1D7D0, 0x1D7D1,
    0x1D7D2, 0x1D7D3, 0x1D7D4, 0x1D7D5, 0x1D7D6, 0x1D7D7, 0x1D7D8, 0x1D7D9,
    0x1D7DA, 0x1D7DB, 0x1D7DC, 0x1D7DD, 0x1D7DE, 0x1D7DF, 0x1D7E0, 0x1D7E1,
    0x1D7E2, 0x1D7E3, 0x1D7E4, 0x1D7E5, 0x1D7E6, 0x1D7E7, 0x1D7E8, 0x1D7E9,
    0x1D7EA, 0x1D7EB, 0x1D7EC, 0x1D7ED, 0x1D7EE, 0x1D7EF, 0x1D7F0, 0x1D7F1,
    0x1D7F2, 0x1D7F3, 0x1D7F4, 0x1D7F5, 0x1D7F6, 0x1D7F7, 0x1D7F8, 0x1D7F9,
    0x1D7FA, 0x1D7FB, 0x1D7FC, 0x1D7FD, 0x1D7FE, 0x1D7FF, 0x1E030, 0x1E031,
    0x1E032, 0x1E033, 0x1E034, 0x1E035, 0x1E036, 0x1E037, 0x1E038, 0x1E039,
    0x1E03A, 0x1E03B, 0x1E03C, 0x1E03D, 0x1E03E, 0x1E03F, 0x1E040, 0x1E041,
    0x1E042, 0x1E043, 0x1E044, 0x1E045, 0x1E046, 0x1E047, 0x1E048, 0x1E049,
    0x1E04A, 0x1E04B, 0x1E04C, 0x1E04D, 0x1E04E, 0x1E04F, 0x1E050, 0x1E051,
    0x1E052, 0x1E053, 0x1E054, 0x1E055, 0x1E056, 0x1E057, 0x1E058, 0x1E059,
    0x1E05A, 0x1E05B, 0x1E05C, 0x1E05D, 0x1E05E, 0x1E05F, 0x1E060, 0x1E061,
    0x1E062, 0x1E063, 0x1E064, 0x1E065, 0x1E066, 0x1E067, 0x1E068, 0x1E069,
    0x1E06A, 0x1E06B, 0x1E06C, 0x1E06D, 0x1EE00, 0x1EE01, 0x1EE02, 0x1EE03,
    0x1EE05, 0x1EE06, 0x1EE07, 0x1EE08, 0x1EE09, 0x1EE0A, 0x1EE0B, 0x1EE0C,
    0x1EE0D, 0x1EE0E, 0x1EE0F, 0x1EE10, 0x1EE11, 0x1EE12, 0x1EE13, 0x1EE14,
    0x1EE15, 0x1EE16, 0x1EE17, 0x1EE18, 0x1EE19, 0x1EE1A, 0x1EE1B, 0x1EE1C,
    0x1EE1D, 0x1EE1E, 0x1EE1F, 0x1EE21, 0x1EE22, 0x1EE24, 0x1EE27, 0x1EE29,
    0x1EE2A, 0x1EE2B, 0x1EE2C, 0x1EE2D, 0x1EE2E, 0x1EE2F, 0x1EE30, 0x1EE31,
    0x1EE32, 0x1EE34, 0x1EE35, 0x1EE36, 0x1EE37, 0x1EE39, 0x1EE3B, 0x1EE42,
    0x1EE47, 0x1EE49, 0x1EE4B, 0x1EE4D, 0x1EE4E, 0x1EE4F, 0x1EE51, 0x1EE52,
    0x1EE54, 0x1EE57, 0x1EE59, 0x1EE5B, 0x1EE5D, 0x1EE5F, 0x1EE61, 0x1EE62,
    0x1EE64, 0x1EE67, 0x1EE68, 0x1EE69, 0x1EE6A, 0x1EE6C, 0x1EE6D, 0x1EE6E,
    0x1EE6F, 0x1EE70, 0x1EE71, 0x1EE72, 0x1EE74, 0x1EE75, 0x1EE76, 0x1EE77,
    0x1EE79, 0x1EE7A, 0x1EE7B, 0x1EE7C, 0x1EE7E, 0x1EE80, 0x1EE81, 0x1EE82,
    0x1EE83, 0x1EE84, 0x1EE85, 0x1EE86, 0x1EE87, 0x1EE88, 0x1EE89, 0x1EE8B,
    0x1EE8C, 0x1EE8D, 0x1EE8E, 0x1EE8F, 0x1EE90, 0x1EE91, 0x1EE92, 0x1EE93,
    0x1EE94, 0x1EE95, 0x1EE96, 0x1EE97, 0x1EE98, 0x1EE99, 0x1EE9A, 0x1EE9B,
    0x1EEA1, 0x1EEA2, 0x1EEA3, 0x1EEA5, 0x1EEA6, 0x1EEA7, 0x1EEA8, 0x1EEA9,
    0x1EEAB, 0x1EEAC, 0x1EEAD, 0x1EEAE, 0x1EEAF, 0x1EEB0, 0x1EEB1, 0x1EEB2,
    0x1EEB3, 0x1EEB4, 0x1EEB5, 0x1EEB6, 0x1EEB7, 0x1EEB8, 0x1EEB9, 0x1EEBA,
    0x1EEBB, 0x1F100, 0x1F101, 0x1F102, 0x1F103, 0x1F104, 0x1F105, 0x1F106,
    0x1F107, 0x1F108, 0x1F109, 0x1F10A, 0x1F110, 0x1F111, 0x1F112, 0x1F113,
    0x1F114, 0x1F115, 0x1F116, 0x1F117, 0x1F118, 0x1F119, 0x1F11A, 0x1F11B,
    0x1F11C, 0x1F11D, 0x1F11E, 0x1F11F, 0x1F120, 0x1F121, 0x1F122, 0x1F123,
    0x1F124, 0x1F125, 0x1F126, 0x1F127, 0x1F128, 0x1F129, 0x1F12A, 0x1F12B,
    0x1F12C, 0x1F12D, 0x1F12E, 0x1F130, 0x1F131, 0x1F132, 0x1F133, 0x1F134,
    0x1F135, 0x1F136, 0x1F137, 0x1F138, 0x1F139, 0x1F13A, 0x1F13B, 0x1F13C,
    0x1F13D, 0x1F13E, 0x1F13F, 0x1F140, 0x1F141, 0x1F142, 0x1F143, 0x1F144,
    0x1F145, 0x1F146, 0x1F147, 0x1F148, 0x1F149, 0x1F14A, 0x1F14B, 0x1F14C,
    0x1F14D, 0x1F14E, 0x1F14F, 0x1F16A, 0x1F16B, 0x1F16C, 0x1F190, 0x1F200,
    0x1F201, 0x1F202, 0x1F210, 0x1F211, 0x1F212, 0x1F213, 0x1F214, 0x1F215,
    0x1F216, 0x1F217, 0x1F218, 0x1F219, 0x1F21A, 0x1F21B, 0x1F21C, 0x1F21D,
    0x1F21E, 0x1F21F, 0x1F220, 0x1F221, 0x1F222, 0x1F223, 0x1F224, 0x1F225,
    0x1F226, 0x1F227, 0x1F228, 0x1F229, 0x1F22A, 0x1F22B, 0x1F22C, 0x1F22D,
    0x1F22E, 0x1F22F, 0x1F230, 0x1F231, 0x1F232, 0x1F233, 0x1F234, 0x1F235,
    0x1F236, 0x1F237, 0x1F238, 0x1F239, 0x1F23A, 0x1F23B, 0x1F240, 0x1F241,
    0x1F242, 0x1F243, 0x1F244, 0x1F245, 0x1F246, 0x1F247, 0x1F248, 0x1F250,
    0x1F251, 0x1FBF0, 0x1FBF1, 0x1FBF2, 0x1FBF3, 0x1FBF4, 0x1FBF5, 0x1FBF6,
    0x1FBF7, 0x1FBF8, 0x1FBF9, 0x2F800, 0x2F801, 0x2F802, 0x2F804, 0x2F805,
    0x2F806, 0x2F807, 0x2F808, 0x2F809, 0x2F80A, 0x2F80B, 0x2F80C, 0x2F80E,
    0x2F80F, 0x2F810, 0x2F811, 0x2F813, 0x2F814, 0x2F815, 0x2F817, 0x2F818,
    0x2F819, 0x2F81A, 0x2F81B, 0x2F81D, 0x2F81E, 0x2F81F, 0x2F820, 0x2F821,
    0x2F822, 0x2F823, 0x2F824, 0x2F825, 0x2F826, 0x2F827, 0x2F828, 0x2F829,
    0x2F82A, 0x2F82B, 0x2F82C, 0x2F82D, 0x2F82E, 0x2F82F, 0x2F830, 0x2F831,
    0x2F832, 0x2F833, 0x2F835, 0x2F836, 0x2F837, 0x2F839, 0x2F83A, 0x2F83B,
    0x2F83C, 0x2F83D, 0x2F83E, 0x2F83F, 0x2F840, 0x2F841, 0x2F842, 0x2F843,
    0x2F844, 0x2F845, 0x2F846, 0x2F847, 0x2F848, 0x2F849, 0x2F84A, 0x2F84B,
    0x2F84C, 0x2F84D, 0x2F84E, 0x2F84F, 0x2F850, 0x2F851, 0x2F852, 0x2F853,
    0x2F854, 0x2F855, 0x2F856, 0x2F857, 0x2F858, 0x2F85A, 0x2F85B, 0x2F85C,
    0x2F85D, 0x2F85E, 0x2F85F, 0x2F862, 0x2F863, 0x2F864, 0x2F865, 0x2F866,
    0x2F867, 0x2F868, 0x2F869, 0x2F86A, 0x2F86B, 0x2F86D, 0x2F86E, 0x2F86F,
    0x2F870, 0x2F872, 0x2F873, 0x2F874, 0x2F875, 0x2F876, 0x2F877, 0x2F878,
    0x2F879, 0x2F87A, 0x2F87C, 0x2F87E, 0x2F87F, 0x2F880, 0x2F881, 0x2F882,
    0x2F883, 0x2F884, 0x2F885, 0x2F886, 0x2F887, 0x2F888, 0x2F88A, 0x2F88B,
    0x2F88C, 0x2F88D, 0x2F88E, 0x2F890, 0x2F893, 0x2F894, 0x2F895, 0x2F896,
    0x2F899, 0x2F89A, 0x2F89B, 0x2F89C, 0x2F89D, 0x2F89E, 0x2F89F, 0x2F8A0,
    0x2F8A1, 0x2F8A2, 0x2F8A3, 0x2F8A5, 0x2F8A6, 0x2F8A7, 0x2F8A8, 0x2F8A9,
    0x2F8AA, 0x2F8AB, 0x2F8AC, 0x2F8AD, 0x2F8AE, 0x2F8AF, 0x2F8B0, 0x2F8B1,
    0x2F8B2, 0x2F8B3, 0x2F8B4, 0x2F8B5, 0x2F8B6, 0x2F8B7, 0x2F8B9, 0x2F8BA,
    0x2F8BB, 0x2F8BC, 0x2F8BD, 0x2F8BF, 0x2F8C0, 0x2F8C1, 0x2F8C2, 0x2F8C3,
    0x2F8C4, 0x2F8C5, 0x2F8C6, 0x2F8C7, 0x2F8C8, 0x2F8C9, 0x2F8CB, 0x2F8CC,
    0x2F8CD, 0x2F8CE, 0x2F8CF, 0x2F8D0, 0x2F8D1, 0x2F8D2, 0x2F8D3, 0x2F8D4,
    0x2F8D5, 0x2F8D6, 0x2F8D7, 0x2F8D8, 0x2F8D9, 0x2F8DA, 0x2F8DB, 0x2F8DC,
    0x2F8DE, 0x2F8DF, 0x2F8E0, 0x2F8E1, 0x2F8E2, 0x2F8E4, 0x2F8E5, 0x2F8E6,
    0x2F8E7, 0x2F8E8, 0x2F8E9, 0x2F8EA, 0x2F8EB, 0x2F8ED, 0x2F8EE, 0x2F8EF,
    0x2F8F1, 0x2F8F2, 0x2F8F3, 0x2F8F4, 0x2F8F5, 0x2F8F6, 0x2F8FA, 0x2F8FC,
    0x2F8FD, 0x2F8FE, 0x2F8FF, 0x2F900, 0x2F901, 0x2F902, 0x2F903, 0x2F904,
    0x2F905, 0x2F907, 0x2F908, 0x2F909, 0x2F90A, 0x2F90B, 0x2F90C, 0x2F90E,
    0x2F90F, 0x2F912, 0x2F913, 0x2F914, 0x2F915, 0x2F916, 0x2F917, 0x2F918,
    0x2F919, 0x2F91A, 0x2F91C, 0x2F91E, 0x2F920, 0x2F921, 0x2F922, 0x2F924,
    0x2F925, 0x2F928, 0x2F929, 0x2F92A, 0x2F92B, 0x2F92C, 0x2F92D, 0x2F92E,
    0x2F92F, 0x2F930, 0x2F931, 0x2F932, 0x2F933, 0x2F934, 0x2F936, 0x2F938,
    0x2F93A, 0x2F93E, 0x2F93F, 0x2F940, 0x2F945, 0x2F946, 0x2F947, 0x2F948,
    0x2F949, 0x2F94A, 0x2F94B, 0x2F94C, 0x2F94E, 0x2F94F, 0x2F950, 0x2F951,
    0x2F953, 0x2F956, 0x2F957, 0x2F958, 0x2F959, 0x2F95A, 0x2F95B, 0x2F95F,
    0x2F960, 0x2F962, 0x2F963, 0x2F964, 0x2F966, 0x2F967, 0x2F968, 0x2F969,
    0x2F96A, 0x2F96C, 0x2F96D, 0x2F96E, 0x2F96F, 0x2F970, 0x2F971, 0x2F974,
    0x2F976, 0x2F978, 0x2F979, 0x2F97A, 0x2F97D, 0x2F97F, 0x2F981, 0x2F982,
    0x2F983, 0x2F984, 0x2F985, 0x2F986, 0x2F98B, 0x2F98C, 0x2F98D, 0x2F98E,
    0x2F98F, 0x2F990, 0x2F991, 0x2F992, 0x2F993, 0x2F994, 0x2F995, 0x2F996,
    0x2F998, 0x2F999, 0x2F99A, 0x2F99B, 0x2F99C, 0x2F99D, 0x2F99E, 0x2F99F,
    0x2F9A0, 0x2F9A1, 0x2F9A2, 0x2F9A3, 0x2F9A7, 0x2F9A8, 0x2F9A9, 0x2F9AA,
    0x2F9AC, 0x2F9AE, 0x2F9AF, 0x2F9B2, 0x2F9B3, 0x2F9B4, 0x2F9B5, 0x2F9B6,
    0x2F9B7, 0x2F9B8, 0x2F9B9, 0x2F9BA, 0x2F9BB, 0x2F9BC, 0x2F9BD, 0x2F9BE,
    0x2F9BF, 0x2F9C0, 0x2F9C1, 0x2F9C2, 0x2F9C3, 0x2F9C4, 0x2F9C6, 0x2F9C7,
    0x2F9C8, 0x2F9C9, 0x2F9CA, 0x2F9CD, 0x2F9CE, 0x2F9CF, 0x2F9D0, 0x2F9D1,
    0x2F9D2, 0x2F9D4, 0x2F9D5, 0x2F9D6, 0x2F9D7, 0x2F9DA, 0x2F9DB, 0x2F9DC,
    0x2F9DE, 0x2F9DF, 0x2F9E2, 0x2F9E3, 0x2F9E4, 0x2F9E6, 0x2F9E7, 0x2F9E8,
    0x2F9E9, 0x2F9EA, 0x2F9EB, 0x2F9EC, 0x2F9EE, 0x2F9EF, 0x2F9F0, 0x2F9F2,
    0x2F9F3, 0x2F9F4, 0x2F9F5, 0x2F9F8, 0x2F9F9, 0x2F9FA, 0x2F9FC, 0x2F9FE,
    0x2F9FF, 0x2FA00, 0x2FA02, 0x2FA03, 0x2FA04, 0x2FA05, 0x2FA06, 0x2FA07,
    0x2FA08, 0x2FA0A, 0x2FA0B, 0x2FA0C, 0x2FA0D, 0x2FA0E, 0x2FA0F, 0x2FA11,
    0x2FA15, 0x2FA16, 0x2FA17, 0x2FA18, 0x2FA19, 0x2FA1A, 0x2FA1B, 0x2FA1C,
};
constexpr uint16_t TRANSLIT_OFFSETS[6049] = {
    0x0000, 0x0001, 0x0002, 0x0005, 0x0008, 0x0009, 0x000B, 0x000C, 0x000F,
    0x0012, 0x0013, 0x0014, 0x0015, 0x0016, 0x0017, 0x0019, 0x001D, 0x0021,
    0x0025, 0x0026, 0x0027, 0x0028, 0x0029, 0x002A, 0x002B, 0x002C, 0x002E,
    0x002F, 0x0030, 0x0031, 0x0032, 0x0033, 0x0034, 0x0035, 0x0036, 0x0037,
    0x0038, 0x0039, 0x003A, 0x003B, 0x003C, 0x003D, 0x003E, 0x003F, 0x0040,
    0x0041, 0x0042, 0x0043, 0x0044, 0x0045, 0x0047, 0x0049, 0x004A, 0x004B,
    0x004C, 0x004D, 0x004E, 0x004F, 0x0051, 0x0052, 0x0053, 0x0054, 0x0055,
    0x0056, 0x0057, 0x0058, 0x0059, 0x005A, 0x005B, 0x005C, 0x005D, 0x005E,
    0x005F, 0x0060, 0x0061, 0x0062, 0x0063, 0x0064, 0x0065, 0x0066, 0x0067,
    0x0068, 0x006A, 0x006B, 0x006C, 0x006D, 0x006E, 0x006F, 0x0070, 0x0071,
    0x0072, 0x0073, 0x0074, 0x0075, 0x0076, 0x0077, 0x0078, 0x0079, 0x007A,
    0x007B, 0x007C, 0x007D, 0x007E, 0x007F, 0x0080, 0x0081, 0x0082, 0x0083,
    0x0084, 0x0085, 0x0086, 0x0087, 0x0088, 0x0089, 0x008A, 0x008B, 0x008C,
    0x008D, 0x008E, 0x008F, 0x0090, 0x0091, 0x0092, 0x0093, 0x0094, 0x0095,
    0x0096, 0x0097, 0x0098, 0x0099, 0x009A, 0x009B, 0x009C, 0x009D, 0x009F,
    0x00A1, 0x00A2, 0x00A3, 0x00A4, 0x00A5, 0x00A6, 0x00A7, 0x00A8, 0x00A9,
    0x00AA, 0x00AB, 0x00AC, 0x00AD, 0x00AE, 0x00AF, 0x00B0, 0x00B1, 0x00B2,
    0x00B3, 0x00B4, 0x00B5, 0x00B6, 0x00B8, 0x00B9, 0x00BA, 0x00BB, 0x00BC,
    0x00BD, 0x00BE, 0x00BF, 0x00C0, 0x00C2, 0x00C4, 0x00C5, 0x00C6, 0x00C7,
    0x00C8, 0x00C9, 0x00CA, 0x00CB, 0x00CC, 0x00CD, 0x00CE, 0x00CF, 0x00D0,
    0x00D1, 0x00D2, 0x00D3, 0x00D4, 0x00D5, 0x00D6, 0x00D7, 0x00D8, 0x00D9,
    0x00DA, 0x00DB, 0x00DC, 0x00DD, 0x00DE, 0x00DF, 0x00E0, 0x00E1, 0x00E2,
    0x00E3, 0x00E4, 0x00E5, 0x00E6, 0x00E7, 0x00E8, 0x00E9, 0x00EA, 0x00EB,
    0x00EC, 0x00ED, 0x00EE, 0x00EF, 0x00F0, 0x00F1, 0x00F2, 0x00F3, 0x00F4,
    0x00F5, 0x00F6, 0x00F7, 0x00F8, 0x00F9, 0x00FA, 0x00FB, 0x00FC, 0x00FD,
    0x00FE, 0x0100, 0x0101, 0x0102, 0x0103, 0x0104, 0x0105, 0x0106, 0x0107,
    0x0108, 0x0109, 0x010B, 0x010D, 0x010E, 0x010F, 0x0110, 0x0111, 0x0112,
    0x0113, 0x0114, 0x0115, 0x0116, 0x0117, 0x0118, 0x0119, 0x011A, 0x011C,
    0x011E, 0x0120, 0x0122, 0x0124, 0x0126, 0x0128, 0x012A, 0x012C, 0x012D,
    0x012E, 0x012F, 0x0130, 0x0131, 0x0132, 0x0133, 0x0134, 0x0135, 0x0136,
    0x0137, 0x0138, 0x0139, 0x013A, 0x013B, 0x013C, 0x013D, 0x013E, 0x013F,
    0x0140, 0x0141, 0x0142, 0x0143, 0x0144, 0x0145, 0x0146, 0x0147, 0x0148,
    0x0149, 0x014A, 0x014B, 0x014C, 0x014D, 0x014E, 0x014F, 0x0151, 0x0153,
    0x0155, 0x0156, 0x0157, 0x0158, 0x0159, 0x015A, 0x015B, 0x015C, 0x015D,
    0x015E, 0x015F, 0x0160, 0x0161, 0x0162, 0x0163, 0x0164, 0x0165, 0x0166,
    0x0167, 0x0168, 0x0169, 0x016A, 0x016B, 0x016C, 0x016D, 0x016E, 0x016F,
    0x0170, 0x0171, 0x0172, 0x0173, 0x0174, 0x0175, 0x0176, 0x0177, 0x0178,
    0x0179, 0x017A, 0x017B, 0x017C, 0x017D, 0x017E, 0x017F, 0x0180, 0x0181,
    0x0182, 0x0183, 0x0184, 0x0185, 0x0186, 0x0187, 0x0188, 0x0189, 0x018A,
    0x018B, 0x018C, 0x018D, 0x018E, 0x018F, 0x0190, 0x0191, 0x0192, 0x0194,
    0x0196, 0x0197, 0x0198, 0x0199, 0x019A, 0x019B, 0x019C, 0x019D, 0x019E,
    0x019F, 0x01A0, 0x01A1, 0x01A2, 0x01A3, 0x01A4, 0x01A5, 0x01A6, 0x01A7,
    0x01A8, 0x01A9, 0x01AA, 0x01AB, 0x01AC, 0x01AD, 0x01AE, 0x01AF, 0x01B0,
    0x01B1, 0x01B2, 0x01B3, 0x01B4, 0x01B5, 0x01B6, 0x01B7, 0x01B8, 0x01B9,
    0x01BA, 0x01BB, 0x01BD, 0x01BE, 0x01BF, 0x01C0, 0x01C1, 0x01C2, 0x01C3,
    0x01C4, 0x01C5, 0x01C6, 0x01C7, 0x01C8, 0x01C9, 0x01CA, 0x01CB, 0x01CC,
    0x01CD, 0x01CE, 0x01D0, 0x01D2, 0x01D4, 0x01D6, 0x01D8, 0x01D9, 0x01DA,
    0x01DB, 0x01DC, 0x01DD, 0x01DE, 0x01DF, 0x01E0, 0x01E1, 0x01E2, 0x01E3,
    0x01E4, 0x01E5, 0x01E6, 0x01E7, 0x01E8, 0x01E9, 0x01EA, 0x01EB, 0x01EC,
    0x01ED, 0x01EE, 0x01EF, 0x01F0, 0x01F1, 0x01F2, 0x01F3, 0x01F4, 0x01F5,
    0x01F6, 0x01F7, 0x01F8, 0x01F9, 0x01FA, 0x01FB, 0x01FC, 0x01FD, 0x01FE,
    0x01FF, 0x0200, 0x0201, 0x0202, 0x0203, 0x0204, 0x0205, 0x0206, 0x0207,
    0x0208, 0x0209, 0x020A, 0x020B, 0x020C, 0x020D, 0x020E, 0x020F, 0x0210,
    0x0211, 0x0212, 0x0213, 0x0214, 0x0215, 0x0216, 0x0217, 0x0218, 0x0219,
    0x021A, 0x021B, 0x021C, 0x021D, 0x021E, 0x021F, 0x0220, 0x0221, 0x0222,
    0x0223, 0x0224, 0x0225, 0x0226, 0x0227, 0x0228, 0x0229, 0x022A, 0x022B,
    0x022C, 0x022D, 0x022E, 0x022F, 0x0230, 0x0231, 0x0232, 0x0233, 0x0234,
    0x0235, 0x0236, 0x0237, 0x0238, 0x0239, 0x023A, 0x023B, 0x023C, 0x023D,
    0x023E, 0x023F, 0x0240, 0x0241, 0x0242, 0x0243, 0x0244, 0x0245, 0x0246,
    0x0247, 0x0248, 0x0249, 0x024A, 0x024B, 0x024C, 0x024D, 0x024E, 0x0250,
    0x0251, 0x0252, 0x0253, 0x0254, 0x0255, 0x0257, 0x0259, 0x025B, 0x025D,
    0x025E, 0x025F, 0x0260, 0x0261, 0x0262, 0x0263, 0x0264, 0x0265, 0x0266,
    0x0267, 0x0268, 0x0269, 0x026A, 0x026B, 0x026C, 0x026D, 0x026E, 0x026F,
    0x0270, 0x0271, 0x0272, 0x0273, 0x0274, 0x0275, 0x0276, 0x0277, 0x0278,
    0x0279, 0x027B, 0x027D, 0x027E, 0x027F, 0x0280, 0x0281, 0x0282, 0x0283,
    0x0284, 0x0285, 0x0286, 0x0287, 0x0288, 0x0289, 0x028A, 0x028B, 0x028C,
    0x028D, 0x028F, 0x0290, 0x0291, 0x0292, 0x0293, 0x0294, 0x0295, 0x0296,
    0x0297, 0x0298, 0x0299, 0x029A, 0x029B, 0x029C, 0x029D, 0x029E, 0x029F,
    0x02A0, 0x02A1, 0x02A2, 0x02A3, 0x02A4, 0x02A5, 0x02A6, 0x02A7, 0x02A8,
    0x02A9, 0x02AA, 0x02AB, 0x02AC, 0x02AD, 0x02AE, 0x02AF, 0x02B0, 0x02B1,
    0x02B2, 0x02B3, 0x02B4, 0x02B5, 0x02B6, 0x02B7, 0x02B8, 0x02B9, 0x02BA,
    0x02BB, 0x02BC, 0x02BD, 0x02BE, 0x02BF, 0x02C0, 0x02C1, 0x02C2, 0x02C3,
    0x02C4, 0x02C5, 0x02C6, 0x02C7, 0x02C8, 0x02C9, 0x02CA, 0x02CB, 0x02CC,
    0x02CD, 0x02CE, 0x02CF, 0x02D0, 0x02D1, 0x02D2, 0x02D3, 0x02D4, 0x02D5,
    0x02D6, 0x02D7, 0x02D8, 0x02D9, 0x02DA, 0x02DB, 0x02DD, 0x02DE, 0x02DF,
    0x02E0, 0x02E1, 0x02E2, 0x02E3, 0x02E4, 0x02E5, 0x02E6, 0x02E7, 0x02E8,
    0x02E9, 0x02EB, 0x02EC, 0x02ED, 0x02EE, 0x02EF, 0x02F0, 0x02F1, 0x02F2,
    0x02F3, 0x02F4, 0x02F5, 0x02F6, 0x02F7, 0x02F8, 0x02F9, 0x02FA, 0x02FB,
    0x02FC, 0x02FD, 0x02FE, 0x02FF, 0x0300, 0x0301, 0x0302, 0x0303, 0x0304,
    0x0305, 0x0306, 0x0307, 0x0308, 0x0309, 0x030A, 0x030B, 0x030C, 0x030D,
    0x030E, 0x030F, 0x0310, 0x0311, 0x0312, 0x0313, 0x0314, 0x0315, 0x0316,
    0x0317, 0x0318, 0x0319, 0x031A, 0x031B, 0x031C, 0x031D, 0x031E, 0x031F,
    0x0320, 0x0321, 0x0322, 0x0323, 0x0324, 0x0325, 0x0326, 0x0327, 0x0328,
    0x0329, 0x032A, 0x032B, 0x032C, 0x032D, 0x032E, 0x032F, 0x0330, 0x0331,
    0x0332, 0x0333, 0x0334, 0x0335, 0x0336, 0x0337, 0x0338, 0x0339, 0x033A,
    0x033B, 0x033C, 0x033D, 0x033E, 0x033F, 0x0340, 0x0341, 0x0342, 0x0343,
    0x0344, 0x0345, 0x0346, 0x0347, 0x0348, 0x0349, 0x034A, 0x034B, 0x034C,
    0x034D, 0x034E, 0x034F, 0x0350, 0x0351, 0x0352, 0x0353, 0x0354, 0x0355,
    0x0356, 0x0357, 0x0358, 0x0359, 0x035A, 0x035B, 0x035C, 0x035D, 0x035E,
    0x035F, 0x0360, 0x0361, 0x0362, 0x0363, 0x0364, 0x0365, 0x0366, 0x0367,
    0x0368, 0x0369, 0x036A, 0x036B, 0x036C, 0x036D, 0x036E, 0x036F, 0x0370,
    0x0371, 0x0372, 0x0373, 0x0374, 0x0375, 0x0376, 0x0377, 0x0378, 0x0379,
    0x037A, 0x037B, 0x037C, 0x037D, 0x037E, 0x037F, 0x0380, 0x0381, 0x0382,
    0x0383, 0x0384, 0x0385, 0x0386, 0x0387, 0x0388, 0x0389, 0x038A, 0x038B,
    0x038C, 0x038D, 0x038E, 0x038F, 0x0390, 0x0391, 0x0392, 0x0393, 0x0394,
    0x0395, 0x0396, 0x0397, 0x0398, 0x0399, 0x039A, 0x039B, 0x039C, 0x039D,
    0x039E, 0x039F, 0x03A0, 0x03A1, 0x03A2, 0x03A3, 0x03A4, 0x03A5, 0x03A6,
    0x03A7, 0x03A8, 0x03A9, 0x03AA, 0x03AB, 0x03AC, 0x03AD, 0x03AE, 0x03AF,
    0x03B0, 0x03B1, 0x03B2, 0x03B3, 0x03B4, 0x03B5, 0x03B6, 0x03B7, 0x03B8,
    0x03B9, 0x03BA, 0x03BB, 0x03BC, 0x03BD, 0x03BE, 0x03BF, 0x03C0, 0x03C1,
    0x03C2, 0x03C3, 0x03C4, 0x03C5, 0x03C7, 0x03C8, 0x03C9, 0x03CA, 0x03CB,
    0x03CC, 0x03CD, 0x03CE, 0x03CF, 0x03D0, 0x03D1, 0x03D2, 0x03D3, 0x03D4,
    0x03D5, 0x03D6, 0x03D7, 0x03D8, 0x03D9, 0x03DA, 0x03DB, 0x03DC, 0x03DD,
    0x03DE, 0x03DF, 0x03E0, 0x03E1, 0x03E2, 0x03E3, 0x03E4, 0x03E5, 0x03E6,
    0x03E7, 0x03E8, 0x03E9, 0x03EA, 0x03EB, 0x03EC, 0x03ED, 0x03EE, 0x03EF,
    0x03F0, 0x03F1, 0x03F2, 0x03F3, 0x03F4, 0x03F5, 0x03F6, 0x03F7, 0x03F8,
    0x03F9, 0x03FA, 0x03FB, 0x03FC, 0x03FD, 0x03FE, 0x03FF, 0x0400, 0x0401,
    0x0402, 0x0403, 0x0404, 0x0405, 0x0406, 0x0407, 0x0408, 0x0409, 0x040A,
    0x040B, 0x040C, 0x040D, 0x040E, 0x040F, 0x0410, 0x0411, 0x0412, 0x0413,
    0x0414, 0x0415, 0x0416, 0x0417, 0x0418, 0x0419, 0x041A, 0x041B, 0x041C,
    0x041D, 0x041E, 0x041F, 0x0420, 0x0421, 0x0423, 0x0425, 0x0426, 0x0427,
    0x0428, 0x0429, 0x042A, 0x042B, 0x042C, 0x042D, 0x042E, 0x042F, 0x0430,
    0x0431, 0x0432, 0x0433, 0x0434, 0x0435, 0x0436, 0x0437, 0x0438, 0x0439,
    0x043A, 0x043B, 0x043C, 0x043D, 0x043E, 0x043F, 0x0440, 0x0441, 0x0442,
    0x0443, 0x0444, 0x0445, 0x0446, 0x0447, 0x0448, 0x0449, 0x044A, 0x044B,
    0x044C, 0x044D, 0x044E, 0x044F, 0x0450, 0x0451, 0x0452, 0x0453, 0x0454,
    0x0455, 0x0456, 0x0457, 0x0458, 0x0459, 0x045A, 0x045B, 0x045C, 0x045D,
    0x045E, 0x045F, 0x0460, 0x0461, 0x0462, 0x0463, 0x0464, 0x0465, 0x0466,
    0x0467, 0x0468, 0x0469, 0x046A, 0x046B, 0x046C, 0x046D, 0x046E, 0x046F,
    0x0470, 0x0471, 0x0472, 0x0473, 0x0474, 0x0475, 0x0476, 0x0477, 0x0478,
    0x0479, 0x047A, 0x047B, 0x047C, 0x047D, 0x047E, 0x047F, 0x0480, 0x0481,
    0x0482, 0x0483, 0x0484, 0x0485, 0x0486, 0x0487, 0x0488, 0x0489, 0x048A,
    0x048B, 0x048C, 0x048D, 0x048E, 0x048F, 0x0490, 0x0491, 0x0492, 0x0493,
    0x0494, 0x0495, 0x0496, 0x0497, 0x0498, 0x0499, 0x049A, 0x049B, 0x049C,
    0x049D, 0x049E, 0x049F, 0x04A0, 0x04A1, 0x04A2, 0x04A3, 0x04A4, 0x04A5,
    0x04A6, 0x04A7, 0x04A8, 0x04A9, 0x04AA, 0x04AB, 0x04AC, 0x04AD, 0x04AE,
    0x04AF, 0x04B0, 0x04B1, 0x04B2, 0x04B3, 0x04B4, 0x04B5, 0x04B6, 0x04B7,
    0x04B8, 0x04B9, 0x04BA, 0x04BB, 0x04BC, 0x04BD, 0x04BE, 0x04BF, 0x04C0,
    0x04C1, 0x04C2, 0x04C3, 0x04C4, 0x04C5, 0x04C6, 0x04C7, 0x04C8, 0x04C9,
    0x04CA, 0x04CB, 0x04CC, 0x04CD, 0x04CE, 0x04CF, 0x04D0, 0x04D1, 0x04D2,
    0x04D3, 0x04D4, 0x04D5, 0x04D6, 0x04D7, 0x04D8, 0x04D9, 0x04DA, 0x04DB,
    0x04DC, 0x04DD, 0x04DE, 0x04DF, 0x04E0, 0x04E1, 0x04E2, 0x04E3, 0x04E4,
    0x04E5, 0x04E6, 0x04E7, 0x04E8, 0x04E9, 0x04EA, 0x04EB, 0x04EC, 0x04ED,
    0x04EE, 0x04EF, 0x04F0, 0x04F1, 0x04F2, 0x04F3, 0x04F4, 0x04F5, 0x04F6,
    0x04F7, 0x04F8, 0x04F9, 0x04FA, 0x04FB, 0x04FC, 0x04FD, 0x04FE, 0x04FF,
    0x0500, 0x0501, 0x0502, 0x0503, 0x0504, 0x0505, 0x0506, 0x0507, 0x0508,
    0x0509, 0x050A, 0x050B, 0x050C, 0x050D, 0x050E, 0x050F, 0x0510, 0x0511,
    0x0512, 0x0513, 0x0514, 0x0515, 0x0516, 0x0517, 0x0518, 0x0519, 0x051A,
    0x051B, 0x051C, 0x051D, 0x051E, 0x051F, 0x0521, 0x0522, 0x0523, 0x0524,
    0x0525, 0x0526, 0x0527, 0x0529, 0x052A, 0x052B, 0x052D, 0x0530, 0x0531,
    0x0532, 0x0535, 0x0537, 0x053A, 0x053B, 0x053C, 0x053E, 0x053F, 0x0540,
    0x0541, 0x0543, 0x0545, 0x0547, 0x0548, 0x054C, 0x054D, 0x054E, 0x054F,
    0x0550, 0x0551, 0x0552, 0x0553, 0x0554, 0x0555, 0x0556, 0x0557, 0x0558,
    0x0559, 0x055A, 0x055B, 0x055C, 0x055D, 0x055E, 0x055F, 0x0560, 0x0561,
    0x0562, 0x0563, 0x0564, 0x0565, 0x0566, 0x0567, 0x0568, 0x0569, 0x056A,
    0x056B, 0x056C, 0x056D, 0x056E, 0x056F, 0x0570, 0x0571, 0x0572, 0x0573,
    0x0574, 0x0575, 0x0576, 0x0577, 0x0579, 0x057B, 0x057E, 0x0580, 0x0583,
    0x0585, 0x0588, 0x058B, 0x058E, 0x0591, 0x0594, 0x0596, 0x0598, 0x059B,
    0x059E, 0x059F, 0x05A1, 0x05A4, 0x05A7, 0x05A8, 0x05AA, 0x05AB, 0x05AC,
    0x05AD, 0x05AE, 0x05AF, 0x05B0, 0x05B1, 0x05B2, 0x05B3, 0x05B4, 0x05B5,
    0x05B7, 0x05BA, 0x05BB, 0x05BC, 0x05BD, 0x05BE, 0x05BF, 0x05C0, 0x05C2,
    0x05C4, 0x05C7, 0x05C9, 0x05CA, 0x05CB, 0x05CC, 0x05CD, 0x05CE, 0x05CF,
    0x05D0, 0x05D1, 0x05D2, 0x05D3, 0x05D4, 0x05D5, 0x05D6, 0x05D7, 0x05D8,
    0x05D9, 0x05DA, 0x05DD, 0x05DE, 0x05DF, 0x05E0, 0x05E1, 0x05E2, 0x05E3,
    0x05E4, 0x05E5, 0x05E6, 0x05E7, 0x05EB, 0x05EF, 0x05F4, 0x05F8, 0x05FC,
    0x0600, 0x0604, 0x0608, 0x060C, 0x0610, 0x0614, 0x0618, 0x061C, 0x0620,
    0x0624, 0x0627, 0x0628, 0x062A, 0x062D, 0x062F, 0x0630, 0x0632, 0x0635,
    0x0639, 0x063B, 0x063C, 0x063E, 0x0641, 0x0642, 0x0643, 0x0644, 0x0645,
    0x0646, 0x0648, 0x064B, 0x064D, 0x064E, 0x0650, 0x0653, 0x0657, 0x0659,
    0x065A, 0x065C, 0x065F, 0x0660, 0x0661, 0x0662, 0x0663, 0x0667, 0x0669,
    0x066B, 0x066E, 0x0670, 0x0672, 0x0674, 0x0676, 0x0678, 0x067A, 0x067C,
    0x067E, 0x0680, 0x0681, 0x0682, 0x0683, 0x0685, 0x0687, 0x0689, 0x068B,
    0x068E, 0x0690, 0x0693, 0x0695, 0x0697, 0x0699, 0x069B, 0x069D, 0x069F,
    0x06A1, 0x06A3, 0x06A5, 0x06A7, 0x06A9, 0x06AB, 0x06AD, 0x06AF, 0x06B1,
    0x06B3, 0x06B5, 0x06B7, 0x06B9, 0x06BB, 0x06BD, 0x06BF, 0x06C1, 0x06C3,
    0x06C5, 0x06C7, 0x06C9, 0x06CB, 0x06CD, 0x06CF, 0x06D1, 0x06D3, 0x06D5,
    0x06D7, 0x06D9, 0x06DA, 0x06DB, 0x06DE, 0x06E1, 0x06E4, 0x06E7, 0x06EA,
    0x06ED, 0x06F0, 0x06F3, 0x06F6, 0x06FA, 0x06FE, 0x0702, 0x0706, 0x070A,
    0x070E, 0x0712, 0x0716, 0x071A, 0x071E, 0x0722, 0x0725, 0x0728, 0x072B,
    0x072E, 0x0731, 0x0734, 0x0737, 0x073A, 0x073D, 0x0741, 0x0745, 0x0749,
    0x074D, 0x0751, 0x0755, 0x0759, 0x075D, 0x0761, 0x0765, 0x0769, 0x076B,
    0x076D, 0x076F, 0x0771, 0x0773, 0x0775, 0x0777, 0x0779, 0x077B, 0x077E,
    0x0781, 0x0784, 0x0787, 0x078A, 0x078D, 0x0790, 0x0793, 0x0796, 0x0799,
    0x079C, 0x079F, 0x07A2, 0x07A5, 0x07A8, 0x07AB, 0x07AE, 0x07B1, 0x07B4,
    0x07B7, 0x07BA, 0x07BD, 0x07C0, 0x07C3, 0x07C6, 0x07C9, 0x07CC, 0x07CF,
    0x07D2, 0x07D5, 0x07D8, 0x07DB, 0x07DE, 0x07E1, 0x07E4, 0x07E7, 0x07EA,
    0x07ED, 0x07F0, 0x07F3, 0x07F6, 0x07F9, 0x07FC, 0x07FF, 0x0802, 0x0805,
    0x0808, 0x080B, 0x080E, 0x0811, 0x0814, 0x0817, 0x081A, 0x081D, 0x0820,
    0x0823, 0x0826, 0x0829, 0x082C, 0x082F, 0x0832, 0x0835, 0x0838, 0x083B,
    0x083E, 0x0841, 0x0844, 0x0847, 0x084A, 0x084D, 0x0850, 0x0853, 0x0856,
    0x0859, 0x085C, 0x085F, 0x0862, 0x0865, 0x0868, 0x086B, 0x086E, 0x0871,
    0x0874, 0x0877, 0x087A, 0x087D, 0x0880, 0x0883, 0x0886, 0x0889, 0x088B,
    0x088D, 0x0891, 0x0894, 0x0896, 0x0899, 0x089B, 0x089C, 0x089D, 0x089E,
    0x089F, 0x08A0, 0x08A1, 0x08A2, 0x08A3, 0x08A4, 0x08A5, 0x08A6, 0x08A7,
    0x08A8, 0x08A9, 0x08AA, 0x08AB, 0x08AC, 0x08AD, 0x08AE, 0x08AF, 0x08B0,
    0x08B1, 0x08B2, 0x08B3, 0x08B4, 0x08B5, 0x08B6, 0x08B7, 0x08B8, 0x08B9,
    0x08BA, 0x08BB, 0x08BC, 0x08BD, 0x08BE, 0x08BF, 0x08C0, 0x08C1, 0x08C2,
    0x08C3, 0x08C4, 0x08C5, 0x08C6, 0x08C7, 0x08C8, 0x08C9, 0x08CA, 0x08CB,
    0x08CC, 0x08CD, 0x08CE, 0x08CF, 0x08D0, 0x08D1, 0x08D2, 0x08D3, 0x08D4,
    0x08D5, 0x08D6, 0x08D7, 0x08D8, 0x08D9, 0x08DA, 0x08DB, 0x08DC, 0x08DD,
    0x08DE, 0x08DF, 0x08E0, 0x08E1, 0x08E2, 0x08E3, 0x08E4, 0x08E5, 0x08E6,
    0x08E7, 0x08E8, 0x08E9, 0x08EA, 0x08EB, 0x08EC, 0x08ED, 0x08EE, 0x08EF,
    0x08F0, 0x08F1, 0x08F2, 0x08F3, 0x08F4, 0x08F5, 0x08F6, 0x08F7, 0x08F8,
    0x08F9, 0x08FA, 0x08FB, 0x08FC, 0x08FD, 0x08FE, 0x08FF, 0x0900, 0x0901,
    0x0902, 0x0903, 0x0904, 0x0905, 0x0906, 0x0907, 0x0908, 0x0909, 0x090A,
    0x090B, 0x090C, 0x090D, 0x090E, 0x090F, 0x0910, 0x0911, 0x0912, 0x0913,
    0x0914, 0x0915, 0x0916, 0x0917, 0x0918, 0x0919, 0x091A, 0x091B, 0x091C,
    0x091D, 0x091E, 0x091F, 0x0920, 0x0921, 0x0922, 0x0923, 0x0924, 0x0925,
    0x0926, 0x0927, 0x0928, 0x0929, 0x092A, 0x092B, 0x092C, 0x092D, 0x092E,
    0x092F, 0x0930, 0x0931, 0x0932, 0x0933, 0x0934, 0x0935, 0x0936, 0x0937,
    0x0938, 0x0939, 0x093A, 0x093B, 0x093C, 0x093D, 0x093E, 0x093F, 0x0940,
    0x0941, 0x0942, 0x0943, 0x0944, 0x0945, 0x0946, 0x0947, 0x0948, 0x0949,
    0x094A, 0x094B, 0x094C, 0x094D, 0x094E, 0x094F, 0x0950, 0x0951, 0x0952,
    0x0953, 0x0954, 0x0955, 0x0956, 0x0957, 0x0958, 0x0959, 0x095A, 0x095B,
    0x095C, 0x095D, 0x095E, 0x095F, 0x0960, 0x0961, 0x0962, 0x0963, 0x0964,
    0x0965, 0x0966, 0x0967, 0x0968, 0x0969, 0x096A, 0x096B, 0x096C, 0x096D,
    0x096E, 0x096F, 0x0970, 0x0971, 0x0972, 0x0973, 0x0974, 0x0975, 0x0976,
    0x0977, 0x0978, 0x0979, 0x097A, 0x097B, 0x097C, 0x097D, 0x097E, 0x097F,
    0x0980, 0x0981, 0x0982, 0x0983, 0x0984, 0x0985, 0x0986, 0x0987, 0x0988,
    0x0989, 0x098A, 0x098B, 0x098C, 0x098D, 0x098E, 0x098F, 0x0990, 0x0991,
    0x0992, 0x0994, 0x0996, 0x0997, 0x0998, 0x0999, 0x099A, 0x099B, 0x099C,
    0x099D, 0x099E, 0x099F, 0x09A0, 0x09A1, 0x09A2, 0x09A3, 0x09A4, 0x09A5,
    0x09A6, 0x09A7, 0x09A8, 0x09A9, 0x09AA, 0x09AB, 0x09AC, 0x09AD, 0x09AE,
    0x09AF, 0x09B0, 0x09B1, 0x09B2, 0x09B3, 0x09B4, 0x09B5, 0x09B6, 0x09B7,
    0x09B8, 0x09B9, 0x09BA, 0x09BB, 0x09BC, 0x09BD, 0x09BF, 0x09C0, 0x09C1,
    0x09C2, 0x09C3, 0x09C4, 0x09C5, 0x09C6, 0x09C7, 0x09C8, 0x09C9, 0x09CA,
    0x09CB, 0x09CC, 0x09CD, 0x09CE, 0x09CF, 0x09D0, 0x09D1, 0x09D2, 0x09D3,
    0x09D4, 0x09D5, 0x09D6, 0x09D7, 0x09D8, 0x09D9, 0x09DA, 0x09DB, 0x09DC,
    0x09DD, 0x09DE, 0x09E0, 0x09E1, 0x09E2, 0x09E3, 0x09E4, 0x09E5, 0x09E6,
    0x09E7, 0x09E8, 0x09E9, 0x09EA, 0x09EB, 0x09EC, 0x09ED, 0x09EE, 0x09EF,
    0x09F0, 0x09F1, 0x09F2, 0x09F3, 0x09F4, 0x09F5, 0x09F6, 0x09F7, 0x09F8,
    0x09F9, 0x09FA, 0x09FB, 0x09FC, 0x09FD, 0x09FE, 0x09FF, 0x0A00, 0x0A01,
    0x0A02, 0x0A03, 0x0A04, 0x0A05, 0x0A06, 0x0A07, 0x0A08, 0x0A09, 0x0A0A,
    0x0A0B, 0x0A0C, 0x0A0D, 0x0A0E, 0x0A0F, 0x0A10, 0x0A11, 0x0A12, 0x0A13,
    0x0A14, 0x0A15, 0x0A16, 0x0A17, 0x0A18, 0x0A19, 0x0A1A, 0x0A1B, 0x0A1C,
    0x0A1D, 0x0A1E, 0x0A1F, 0x0A20, 0x0A21, 0x0A22, 0x0A23, 0x0A24, 0x0A25,
    0x0A26, 0x0A27, 0x0A28, 0x0A29, 0x0A2A, 0x0A2B, 0x0A2C, 0x0A2D, 0x0A2E,
    0x0A2F, 0x0A30, 0x0A31, 0x0A32, 0x0A33, 0x0A34, 0x0A35, 0x0A36, 0x0A37,
    0x0A38, 0x0A39, 0x0A3A, 0x0A3B, 0x0A3C, 0x0A3D, 0x0A3E, 0x0A3F, 0x0A40,
    0x0A41, 0x0A42, 0x0A43, 0x0A44, 0x0A45, 0x0A46, 0x0A47, 0x0A48, 0x0A49,
    0x0A4A, 0x0A4B, 0x0A4C, 0x0A4F, 0x0A52, 0x0A55, 0x0A58, 0x0A5B, 0x0A5E,
    0x0A61, 0x0A64, 0x0A67, 0x0A6A, 0x0A6D, 0x0A70, 0x0A73, 0x0A76, 0x0A7A,
    0x0A7E, 0x0A82, 0x0A86, 0x0A8A, 0x0A8E, 0x0A92, 0x0A96, 0x0A9A, 0x0A9E,
    0x0AA2, 0x0AA6, 0x0AAA, 0x0AAE, 0x0AB2, 0x0AB9, 0x0ABF, 0x0AC2, 0x0AC5,
    0x0AC8, 0x0ACB, 0x0ACE, 0x0AD1, 0x0AD4, 0x0AD7, 0x0ADA, 0x0ADD, 0x0AE0,
    0x0AE3, 0x0AE6, 0x0AE9, 0x0AEC, 0x0AEF, 0x0AF2, 0x0AF5, 0x0AF8, 0x0AFB,
    0x0AFE, 0x0B01, 0x0B04, 0x0B07, 0x0B0A, 0x0B0D, 0x0B10, 0x0B13, 0x0B16,
    0x0B19, 0x0B1C, 0x0B1F, 0x0B22, 0x0B25, 0x0B28, 0x0B2B, 0x0B2E, 0x0B31,
    0x0B34, 0x0B37, 0x0B3A, 0x0B3E, 0x0B42, 0x0B46, 0x0B4A, 0x0B4E, 0x0B52,
    0x0B56, 0x0B5A, 0x0B5E, 0x0B62, 0x0B66, 0x0B6A, 0x0B6E, 0x0B72, 0x0B76,
    0x0B79, 0x0B7C, 0x0B7F, 0x0B82, 0x0B85, 0x0B88, 0x0B8B, 0x0B8E, 0x0B91,
    0x0B94, 0x0B97, 0x0B9A, 0x0B9D, 0x0BA0, 0x0BA4, 0x0BA8, 0x0BAC, 0x0BB0,
    0x0BB4, 0x0BB8, 0x0BBC, 0x0BC0, 0x0BC4, 0x0BC8, 0x0BCC, 0x0BD0, 0x0BD4,
    0x0BD8, 0x0BDF, 0x0BE5, 0x0BE9, 0x0BEC, 0x0BEF, 0x0BF2, 0x0BF5, 0x0BF8,
    0x0BFB, 0x0BFE, 0x0C01, 0x0C04, 0x0C07, 0x0C0A, 0x0C0D, 0x0C10, 0x0C13,
    0x0C16, 0x0C19, 0x0C1C, 0x0C1F, 0x0C22, 0x0C25, 0x0C28, 0x0C2B, 0x0C2E,
    0x0C31, 0x0C34, 0x0C37, 0x0C3A, 0x0C3D, 0x0C40, 0x0C43, 0x0C46, 0x0C49,
    0x0C4C, 0x0C4F, 0x0C52, 0x0C55, 0x0C58, 0x0C5B, 0x0C5E, 0x0C61, 0x0C64,
    0x0C67, 0x0C6A, 0x0C6D, 0x0C70, 0x0C73, 0x0C76, 0x0C79, 0x0C7C, 0x0C80,
    0x0C84, 0x0C88, 0x0C8C, 0x0C90, 0x0C94, 0x0C98, 0x0C9C, 0x0CA0, 0x0CA4,
    0x0CA8, 0x0CAC, 0x0CB0, 0x0CB4, 0x0CB8, 0x0CBA, 0x0CBC, 0x0CBE, 0x0CC0,
    0x0CC2, 0x0CC4, 0x0CC6, 0x0CC8, 0x0CCA, 0x0CCD, 0x0CD0, 0x0CD3, 0x0CD5,
    0x0CD8, 0x0CDA, 0x0CDD, 0x0CE0, 0x0CE3, 0x0CE6, 0x0CE9, 0x0CEC, 0x0CEF,
    0x0CF2, 0x0CF5, 0x0CF8, 0x0CFB, 0x0CFE, 0x0D01, 0x0D04, 0x0D07, 0x0D0A,
    0x0D0D, 0x0D10, 0x0D13, 0x0D16, 0x0D19, 0x0D1C, 0x0D1F, 0x0D22, 0x0D25,
    0x0D28, 0x0D2B, 0x0D2E, 0x0D31, 0x0D34, 0x0D37, 0x0D3A, 0x0D3D, 0x0D40,
    0x0D43, 0x0D46, 0x0D49, 0x0D4C, 0x0D4F, 0x0D52, 0x0D55, 0x0D58, 0x0D5B,
    0x0D5E, 0x0D61, 0x0D64, 0x0D67, 0x0D6A, 0x0D6C, 0x0D70, 0x0D74, 0x0D78,
    0x0D7B, 0x0D7F, 0x0D82, 0x0D85, 0x0D8A, 0x0D8E, 0x0D91, 0x0D94, 0x0D97,
    0x0D9B, 0x0D9F, 0x0DA2, 0x0DA5, 0x0DA7, 0x0DAA, 0x0DAE, 0x0DB2, 0x0DB4,
    0x0DB9, 0x0DBF, 0x0DC4, 0x0DC7, 0x0DCC, 0x0DD1, 0x0DD5, 0x0DD8, 0x0DDB,
    0x0DDE, 0x0DE2, 0x0DE7, 0x0DEB, 0x0DEE, 0x0DF1, 0x0DF4, 0x0DF6, 0x0DF8,
    0x0DFA, 0x0DFC, 0x0DFF, 0x0E02, 0x0E07, 0x0E0A, 0x0E0E, 0x0E13, 0x0E16,
    0x0E18, 0x0E1A, 0x0E1F, 0x0E23, 0x0E28, 0x0E2B, 0x0E30, 0x0E32, 0x0E35,
    0x0E38, 0x0E3B, 0x0E3E, 0x0E41, 0x0E45, 0x0E48, 0x0E4A, 0x0E4D, 0x0E50,
    0x0E53, 0x0E57, 0x0E5A, 0x0E5D, 0x0E60, 0x0E65, 0x0E69, 0x0E6B, 0x0E70,
    0x0E72, 0x0E76, 0x0E7A, 0x0E7D, 0x0E80, 0x0E83, 0x0E87, 0x0E89, 0x0E8C,
    0x0E90, 0x0E92, 0x0E97, 0x0E9A, 0x0E9C, 0x0E9E, 0x0EA0, 0x0EA2, 0x0EA4,
    0x0EA6, 0x0EA8, 0x0EAA, 0x0EAC, 0x0EAE, 0x0EB1, 0x0EB4, 0x0EB7, 0x0EBA,
    0x0EBD, 0x0EC0, 0x0EC3, 0x0EC6, 0x0EC9, 0x0ECC, 0x0ECF, 0x0ED2, 0x0ED5,
    0x0ED8, 0x0EDB, 0x0EDE, 0x0EE0, 0x0EE2, 0x0EE5, 0x0EE7, 0x0EE9, 0x0EEB,
    0x0EEE, 0x0EF1, 0x0EF3, 0x0EF5, 0x0EF7, 0x0EF9, 0x0EFB, 0x0EFF, 0x0F01,
    0x0F03, 0x0F05, 0x0F07, 0x0F09, 0x0F0B, 0x0F0D, 0x0F0F, 0x0F12, 0x0F16,
    0x0F18, 0x0F1A, 0x0F1C, 0x0F1E, 0x0F20, 0x0F22, 0x0F24, 0x0F27, 0x0F2A,
    0x0F2D, 0x0F30, 0x0F32, 0x0F34, 0x0F36, 0x0F38, 0x0F3A, 0x0F3C, 0x0F3E,
    0x0F40, 0x0F42, 0x0F44, 0x0F47, 0x0F4A, 0x0F4C, 0x0F4F, 0x0F52, 0x0F55,
    0x0F57, 0x0F5A, 0x0F5D, 0x0F61, 0x0F63, 0x0F66, 0x0F69, 0x0F6C, 0x0F6F,
    0x0F74, 0x0F7A, 0x0F7C, 0x0F7E, 0x0F80, 0x0F82, 0x0F84, 0x0F86, 0x0F88,
    0x0F8A, 0x0F8C, 0x0F8E, 0x0F90, 0x0F92, 0x0F94, 0x0F96, 0x0F98, 0x0F9A,
    0x0F9C, 0x0F9E, 0x0FA2, 0x0FA4, 0x0FA6, 0x0FA8, 0x0FAC, 0x0FAF, 0x0FB1,
    0x0FB3, 0x0FB5, 0x0FB7, 0x0FB9, 0x0FBB, 0x0FBD, 0x0FBF, 0x0FC1, 0x0FC3,
    0x0FC6, 0x0FC8, 0x0FCA, 0x0FCD, 0x0FD0, 0x0FD2, 0x0FD6, 0x0FD9, 0x0FDB,
    0x0FDD, 0x0FDF, 0x0FE1, 0x0FE4, 0x0FE7, 0x0FE9, 0x0FEB, 0x0FED, 0x0FEF,
    0x0FF1, 0x0FF3, 0x0FF5, 0x0FF7, 0x0FF9, 0x0FFC, 0x0FFF, 0x1002, 0x1005,
    0x1008, 0x100B, 0x100E, 0x1011, 0x1014, 0x1017, 0x101A, 0x101D, 0x1020,
    0x1023, 0x1026, 0x1029, 0x102C, 0x102F, 0x1032, 0x1035, 0x1038, 0x103B,
    0x103E, 0x103F, 0x1040, 0x1041, 0x1042, 0x1044, 0x1046, 0x1048, 0x104A,
    0x104C, 0x104E, 0x1050, 0x1052, 0x1054, 0x1056, 0x1058, 0x105A, 0x105B,
    0x105C, 0x105D, 0x105E, 0x105F, 0x1060, 0x1061, 0x1062, 0x1063, 0x1064,
    0x1065, 0x1066, 0x1067, 0x1068, 0x106A, 0x106C, 0x106D, 0x106E, 0x106F,
    0x1070, 0x1071, 0x1072, 0x1073, 0x1074, 0x1075, 0x1076, 0x1077, 0x1078,
    0x107A, 0x107C, 0x107E, 0x1080, 0x1082, 0x1084, 0x1085, 0x1086, 0x1087,
    0x1088, 0x1089, 0x108A, 0x108B, 0x108C, 0x108D, 0x108E, 0x108F, 0x1090,
    0x1091, 0x1092, 0x1093, 0x1094, 0x1095, 0x1096, 0x1097, 0x1098, 0x1099,
    0x109A, 0x109B, 0x109C, 0x109D, 0x109E, 0x109F, 0x10A0, 0x10A1, 0x10A2,
    0x10A3, 0x10A4, 0x10A5, 0x10A6, 0x10A7, 0x10A8, 0x10A9, 0x10AA, 0x10AB,
    0x10AC, 0x10AD, 0x10AE, 0x10AF, 0x10B0, 0x10B1, 0x10B2, 0x10B3, 0x10B4,
    0x10B5, 0x10B6, 0x10B7, 0x10B8, 0x10B9, 0x10BA, 0x10BB, 0x10BC, 0x10BD,
    0x10BE, 0x10BF, 0x10C0, 0x10C1, 0x10C2, 0x10C3, 0x10C4, 0x10C5, 0x10C6,
    0x10C7, 0x10C8, 0x10C9, 0x10CA, 0x10CB, 0x10CC, 0x10CD, 0x10CE, 0x10CF,
    0x10D0, 0x10D1, 0x10D2, 0x10D3, 0x10D4, 0x10D5, 0x10D6, 0x10D7, 0x10D8,
    0x10D9, 0x10DA, 0x10DB, 0x10DC, 0x10DD, 0x10DE, 0x10DF, 0x10E0, 0x10E1,
    0x10E2, 0x10E3, 0x10E4, 0x10E5, 0x10E6, 0x10E7, 0x10E8, 0x10E9, 0x10EA,
    0x10EB, 0x10EC, 0x10ED, 0x10EE, 0x10EF, 0x10F0, 0x10F1, 0x10F2, 0x10F3,
    0x10F4, 0x10F5, 0x10F6, 0x10F7, 0x10F8, 0x10F9, 0x10FA, 0x10FB, 0x10FC,
    0x10FD, 0x10FE, 0x10FF, 0x1100, 0x1101, 0x1102, 0x1103, 0x1104, 0x1105,
    0x1106, 0x1107, 0x1108, 0x1109, 0x110A, 0x110B, 0x110C, 0x110D, 0x110E,
    0x110F, 0x1110, 0x1111, 0x1112, 0x1113, 0x1114, 0x1115, 0x1116, 0x1117,
    0x1118, 0x1119, 0x111A, 0x111B, 0x111C, 0x111D, 0x111E, 0x111F, 0x1120,
    0x1121, 0x1122, 0x1123, 0x1124, 0x1125, 0x1126, 0x1127, 0x1128, 0x1129,
    0x112A, 0x112B, 0x112C, 0x112D, 0x112E, 0x112F, 0x1130, 0x1131, 0x1132,
    0x1133, 0x1134, 0x1135, 0x1136, 0x1137, 0x1138, 0x1139, 0x113A, 0x113B,
    0x113C, 0x113D, 0x113E, 0x113F, 0x1140, 0x1141, 0x1142, 0x1143, 0x1144,
    0x1145, 0x1146, 0x1147, 0x1148, 0x1149, 0x114A, 0x114B, 0x114C, 0x114D,
    0x114E, 0x114F, 0x1150, 0x1151, 0x1152, 0x1153, 0x1154, 0x1155, 0x1156,
    0x1157, 0x1158, 0x1159, 0x115A, 0x115B, 0x115C, 0x115D, 0x115E, 0x115F,
    0x1160, 0x1161, 0x1162, 0x1163, 0x1164, 0x1165, 0x1166, 0x1167, 0x1168,
    0x1169, 0x116A, 0x116B, 0x116C, 0x116D, 0x116E, 0x116F, 0x1170, 0x1171,
    0x1172, 0x1173, 0x1174, 0x1175, 0x1176, 0x1177, 0x1178, 0x1179, 0x117A,
    0x117B, 0x117C, 0x117D, 0x117E, 0x117F, 0x1180, 0x1181, 0x1182, 0x1183,
    0x1184, 0x1185, 0x1186, 0x1187, 0x1188, 0x1189, 0x118A, 0x118B, 0x118C,
    0x118D, 0x118E, 0x118F, 0x1190, 0x1191, 0x1192, 0x1193, 0x1194, 0x1195,
    0x1196, 0x1197, 0x1198, 0x1199, 0x119A, 0x119B, 0x119C, 0x119D, 0x119E,
    0x119F, 0x11A0, 0x11A1, 0x11A2, 0x11A3, 0x11A4, 0x11A5, 0x11A6, 0x11A7,
    0x11A8, 0x11A9, 0x11AA, 0x11AB, 0x11AC, 0x11AD, 0x11AE, 0x11AF, 0x11B0,
    0x11B1, 0x11B2, 0x11B3, 0x11B4, 0x11B5, 0x11B6, 0x11B7, 0x11B8, 0x11B9,
    0x11BA, 0x11BB, 0x11BC, 0x11BD, 0x11BE, 0x11BF, 0x11C0, 0x11C1, 0x11C2,
    0x11C3, 0x11C4, 0x11C5, 0x11C6, 0x11C7, 0x11C8, 0x11C9, 0x11CA, 0x11CB,
    0x11CC, 0x11CD, 0x11CE, 0x11CF, 0x11D0, 0x11D1, 0x11D2, 0x11D3, 0x11D4,
    0x11D5, 0x11D6, 0x11D7, 0x11D8, 0x11D9, 0x11DA, 0x11DB, 0x11DC, 0x11DD,
    0x11DE, 0x11DF, 0x11E0, 0x11E1, 0x11E2, 0x11E3, 0x11E4, 0x11E5, 0x11E6,
    0x11E7, 0x11E8, 0x11E9, 0x11EA, 0x11EB, 0x11EC, 0x11ED, 0x11EE, 0x11EF,
    0x11F0, 0x11F1, 0x11F2, 0x11F3, 0x11F4, 0x11F5, 0x11F6, 0x11F7, 0x11F8,
    0x11F9, 0x11FA, 0x11FB, 0x11FC, 0x11FD, 0x11FE, 0x11FF, 0x1200, 0x1201,
    0x1202, 0x1203, 0x1204, 0x1205, 0x1206, 0x1207, 0x1208, 0x1209, 0x120A,
    0x120B, 0x120C, 0x120D, 0x120E, 0x120F, 0x1210, 0x1211, 0x1212, 0x1213,
    0x1214, 0x1215, 0x1216, 0x1217, 0x1218, 0x1219, 0x121A, 0x121B, 0x121C,
    0x121D, 0x121E, 0x121F, 0x1220, 0x1221, 0x1222, 0x1223, 0x1224, 0x1225,
    0x1226, 0x1227, 0x1228, 0x1229, 0x122A, 0x122B, 0x122C, 0x122D, 0x122E,
    0x122F, 0x1230, 0x1231, 0x1232, 0x1233, 0x1234, 0x1235, 0x1236, 0x1237,
    0x1238, 0x1239, 0x123A, 0x123B, 0x123C, 0x123D, 0x123E, 0x123F, 0x1240,
    0x1241, 0x1242, 0x1243, 0x1244, 0x1245, 0x1246, 0x1247, 0x1248, 0x1249,
    0x124A, 0x124B, 0x124C, 0x124D, 0x124E, 0x124F, 0x1250, 0x1251, 0x1252,
    0x1253, 0x1254, 0x1255, 0x1256, 0x1257, 0x1258, 0x1259, 0x125A, 0x125B,
    0x125C, 0x125D, 0x125E, 0x125F, 0x1260, 0x1261, 0x1262, 0x1263, 0x1264,
    0x1265, 0x1266, 0x1267, 0x1268, 0x1269, 0x126A, 0x126B, 0x126C, 0x126D,
    0x126E, 0x126F, 0x1270, 0x1271, 0x1273, 0x1275, 0x1277, 0x127A, 0x127D,
    0x127F, 0x1281, 0x1283, 0x1285, 0x1287, 0x1289, 0x128B, 0x128C, 0x128D,
    0x128E, 0x128F, 0x1290, 0x1291, 0x1292, 0x1293, 0x1294, 0x1295, 0x1296,
    0x1297, 0x1298, 0x1299, 0x129A, 0x129B, 0x129C, 0x129D, 0x129E, 0x129F,
    0x12A0, 0x12A1, 0x12A2, 0x12A3, 0x12A4, 0x12A5, 0x12A6, 0x12A7, 0x12A8,
    0x12A9, 0x12AA, 0x12AB, 0x12AC, 0x12AD, 0x12AE, 0x12AF, 0x12B0, 0x12B1,
    0x12B2, 0x12B3, 0x12B4, 0x12B5, 0x12B6, 0x12B7, 0x12B9, 0x12BA, 0x12BB,
    0x12BC, 0x12BD, 0x12BE, 0x12BF, 0x12C0, 0x12C1, 0x12C2, 0x12C3, 0x12C4,
    0x12C5, 0x12C6, 0x12C7, 0x12C8, 0x12C9, 0x12CA, 0x12CB, 0x12CC, 0x12CD,
    0x12CE, 0x12CF, 0x12D0, 0x12D1, 0x12D2, 0x12D3, 0x12D4, 0x12D5, 0x12D6,
    0x12D7, 0x12D8, 0x12D9, 0x12DA, 0x12DB, 0x12DC, 0x12DD, 0x12DE, 0x12DF,
    0x12E0, 0x12E1, 0x12E2, 0x12E3, 0x12E4, 0x12E5, 0x12E6, 0x12E7, 0x12E8,
    0x12E9, 0x12EA, 0x12EB, 0x12EC, 0x12ED, 0x12EE, 0x12EF, 0x12F0, 0x12F1,
    0x12F2, 0x12F3, 0x12F4, 0x12F5, 0x12F6, 0x12F7, 0x12F8, 0x12F9, 0x12FA,
    0x12FB, 0x12FC, 0x12FD, 0x12FE, 0x12FF, 0x1300, 0x1301, 0x1302, 0x1303,
    0x1304, 0x1305, 0x1306, 0x1307, 0x1308, 0x1309, 0x130A, 0x130B, 0x130C,
    0x130D, 0x130E, 0x130F, 0x1310, 0x1311, 0x1312, 0x1313, 0x1314, 0x1315,
    0x1316, 0x1317, 0x1318, 0x1319, 0x131A, 0x131B, 0x131C, 0x131D, 0x131E,
    0x131F, 0x1320, 0x1321, 0x1322, 0x1323, 0x1324, 0x1325, 0x1326, 0x1327,
    0x1328, 0x1329, 0x132A, 0x132B, 0x132C, 0x132D, 0x132E, 0x132F, 0x1330,
    0x1331, 0x1332, 0x1334, 0x1336, 0x1338, 0x133A, 0x133C, 0x133E, 0x1340,
    0x1342, 0x1344, 0x1346, 0x1348, 0x134A, 0x134C, 0x134E, 0x1350, 0x1352,
    0x1354, 0x1356, 0x1357, 0x1358, 0x1359, 0x135A, 0x135C, 0x135E, 0x1360,
    0x1362, 0x1364, 0x1366, 0x1368, 0x136A, 0x136C, 0x136E, 0x1370, 0x1372,
    0x1374, 0x1376, 0x1378, 0x137A, 0x137C, 0x137E, 0x1380, 0x1382, 0x1384,
    0x1386, 0x1388, 0x138A, 0x138C, 0x138E, 0x1390, 0x1392, 0x1394, 0x1396,
    0x1398, 0x139A, 0x139C, 0x139E, 0x13A0, 0x13A2, 0x13A4, 0x13A6, 0x13A8,
    0x13AA, 0x13AC, 0x13AE, 0x13B0, 0x13B2, 0x13B4, 0x13B6, 0x13B8, 0x13BA,
    0x13BC, 0x13BE, 0x13C0, 0x13C2, 0x13C4, 0x13C6, 0x13C8, 0x13CA, 0x13CC,
    0x13CE, 0x13D0, 0x13D2, 0x13D4, 0x13D6, 0x13D8, 0x13DA, 0x13DC, 0x13DE,
    0x13E0, 0x13E2, 0x13E4, 0x13E6, 0x13E8, 0x13EA, 0x13EC, 0x13EE, 0x13F0,
    0x13F2, 0x13F4, 0x13F6, 0x13F8, 0x13FA, 0x13FC, 0x13FE, 0x1400, 0x1402,
    0x1404, 0x1406, 0x1408, 0x140A, 0x140C, 0x140E, 0x1410, 0x1411, 0x1412,
    0x1413, 0x1415, 0x1417, 0x1419, 0x141B, 0x141D, 0x141F, 0x1421, 0x1423,
    0x1425, 0x1427, 0x1429, 0x142B, 0x142D, 0x142F, 0x1431, 0x1433, 0x1435,
    0x1437, 0x1439, 0x143B, 0x143D, 0x143F, 0x1441, 0x1443, 0x1445, 0x1447,
    0x1449, 0x144B, 0x144D, 0x144F, 0x1451, 0x1453, 0x1455, 0x1457, 0x1459,
    0x145B, 0x145D, 0x145F, 0x1461, 0x1463, 0x1465, 0x1467, 0x1469, 0x146B,
    0x146C, 0x146E, 0x1470, 0x1472, 0x1474, 0x1476, 0x1478, 0x147A, 0x147C,
    0x147E, 0x1480, 0x1482, 0x1484, 0x1486, 0x1488, 0x148A, 0x148C, 0x148E,
    0x1490, 0x1492, 0x1494, 0x1496, 0x1498, 0x149A, 0x149C, 0x149E, 0x14A0,
    0x14A2, 0x14A4, 0x14A6, 0x14A8, 0x14AA, 0x14AC, 0x14AE, 0x14B0, 0x14B2,
    0x14B4, 0x14B6, 0x14B8, 0x14BA, 0x14BC, 0x14BE, 0x14C0, 0x14C2, 0x14C4,
    0x14C6, 0x14C8, 0x14CA, 0x14CC, 0x14CE, 0x14D0, 0x14D2, 0x14D4, 0x14D6,
    0x14D8, 0x14DA, 0x14DC, 0x14DE, 0x14E0, 0x14E2, 0x14E4, 0x14E6, 0x14E8,
    0x14EA, 0x14EC, 0x14EE, 0x14F0, 0x14F2, 0x14F4, 0x14F6, 0x14F8, 0x14FA,
    0x14FC, 0x14FD, 0x14FF, 0x1501, 0x1503, 0x1505, 0x1507, 0x1509, 0x150B,
    0x150D, 0x150F, 0x1511, 0x1513, 0x1515, 0x1517, 0x1519, 0x151B, 0x151D,
    0x151F, 0x1521, 0x1523, 0x1525, 0x1527, 0x1529, 0x152B, 0x152D, 0x152E,
    0x152F, 0x1530, 0x1532, 0x1534, 0x1536, 0x1538, 0x153A, 0x153C, 0x153E,
    0x1540, 0x1542, 0x1544, 0x1546, 0x1548, 0x154A, 0x154C, 0x154E, 0x1550,
    0x1552, 0x1554, 0x1556, 0x1558, 0x155A, 0x155C, 0x155E, 0x1560, 0x1562,
    0x1564, 0x1566, 0x1568, 0x156A, 0x156C, 0x156E, 0x1570, 0x1572, 0x1574,
    0x1576, 0x1578, 0x157A, 0x157C, 0x157E, 0x1580, 0x1582, 0x1584, 0x1586,
    0x1588, 0x158A, 0x158C, 0x158E, 0x1590, 0x1592, 0x1594, 0x1596, 0x1598,
    0x159A, 0x159C, 0x159E, 0x15A0, 0x15A2, 0x15A4, 0x15A6, 0x15A8, 0x15AA,
    0x15AC, 0x15AE, 0x15B0, 0x15B2, 0x15B4, 0x15B6, 0x15B8, 0x15BA, 0x15BC,
    0x15BE, 0x15BF, 0x15C0, 0x15C3, 0x15C6, 0x15C9, 0x15CC, 0x15CF, 0x15D2,
    0x15D5, 0x15D8, 0x15DB, 0x15DE, 0x15E1, 0x15E4, 0x15E7, 0x15EA, 0x15ED,
    0x15F0, 0x15F3, 0x15F6, 0x15F9, 0x15FC, 0x15FF, 0x1602, 0x1605, 0x1608,
    0x160B, 0x160E, 0x1611, 0x1614, 0x1617, 0x161A, 0x161D, 0x1620, 0x1623,
    0x1626, 0x1629, 0x162C, 0x162F, 0x1632, 0x1635, 0x1638, 0x163B, 0x163E,
    0x1641, 0x1644, 0x1647, 0x164A, 0x164D, 0x1650, 0x1653, 0x1656, 0x1659,
    0x165C, 0x165F, 0x1662, 0x1665, 0x1668, 0x166B, 0x166E, 0x1671, 0x1674,
    0x1677, 0x167A, 0x167D, 0x1680, 0x1683, 0x1686, 0x1689, 0x168C, 0x168F,
    0x1692, 0x1695, 0x1698, 0x169B, 0x169E, 0x16A1, 0x16A4, 0x16A7, 0x16AA,
    0x16AD, 0x16B0, 0x16B3, 0x16B6, 0x16B9, 0x16BC, 0x16BF, 0x16C2, 0x16C5,
    0x16C8, 0x16CB, 0x16CE, 0x16D1, 0x16D4, 0x16D7, 0x16DA, 0x16DD, 0x16E0,
    0x16E3, 0x16E6, 0x16E9, 0x16EC, 0x16EF, 0x16F2, 0x16F5, 0x16F8, 0x16FB,
    0x16FE, 0x1701, 0x1704, 0x1707, 0x170A, 0x170D, 0x1710, 0x1713, 0x1716,
    0x1719, 0x171C, 0x171F, 0x1722, 0x1725, 0x1728, 0x172C, 0x1730, 0x1734,
    0x1738, 0x173C, 0x1740, 0x1744, 0x1747, 0x1759, 0x1761, 0x1765, 0x1766,
    0x1767, 0x1768, 0x1769, 0x176A, 0x176B, 0x176C, 0x176D, 0x176E, 0x1771,
    0x1773, 0x1774, 0x1775, 0x1776, 0x1777, 0x1778, 0x1779, 0x177A, 0x177B,
    0x177C, 0x177D, 0x177E, 0x177F, 0x1781, 0x1783, 0x1784, 0x1785, 0x1786,
    0x1787, 0x1788, 0x1789, 0x178A, 0x178B, 0x178C, 0x178D, 0x178E, 0x178F,
    0x1790, 0x1791, 0x1792, 0x1793, 0x1794, 0x1795, 0x1796, 0x1797, 0x1798,
    0x1799, 0x179A, 0x179B, 0x179C, 0x179D, 0x179E, 0x179F, 0x17A0, 0x17A1,
    0x17A2, 0x17A3, 0x17A4, 0x17A5, 0x17A6, 0x17A7, 0x17A8, 0x17A9, 0x17AA,
    0x17AB, 0x17AC, 0x17AD, 0x17AE, 0x17AF, 0x17B0, 0x17B1, 0x17B2, 0x17B3,
    0x17B4, 0x17B5, 0x17B6, 0x17B7, 0x17B8, 0x17B9, 0x17BA, 0x17BB, 0x17BC,
    0x17BD, 0x17BE, 0x17BF, 0x17C0, 0x17C1, 0x17C2, 0x17C3, 0x17C4, 0x17C5,
    0x17C6, 0x17C7, 0x17C8, 0x17C9, 0x17CA, 0x17CB, 0x17CC, 0x17CD, 0x17CE,
    0x17CF, 0x17D0, 0x17D1, 0x17D2, 0x17D3, 0x17D4, 0x17D5, 0x17D6, 0x17D7,
    0x17D8, 0x17D9, 0x17DA, 0x17DB, 0x17DC, 0x17DD, 0x17DE, 0x17DF, 0x17E0,
    0x17E1, 0x17E2, 0x17E3, 0x17E4, 0x17E5, 0x17E6, 0x17E7, 0x17E8, 0x17E9,
    0x17EA, 0x17EB, 0x17EC, 0x17ED, 0x17EE, 0x17EF, 0x17F0, 0x17F1, 0x17F2,
    0x17F3, 0x17F4, 0x17F5, 0x17F6, 0x17F7, 0x17F8, 0x17F9, 0x17FA, 0x17FB,
    0x17FC, 0x17FD, 0x17FE, 0x17FF, 0x1800, 0x1801, 0x1802, 0x1803, 0x1804,
    0x1805, 0x1806, 0x1807, 0x1808, 0x1809, 0x180A, 0x180B, 0x180C, 0x180D,
    0x180E, 0x180F, 0x1810, 0x1811, 0x1812, 0x1813, 0x1814, 0x1815, 0x1816,
    0x1817, 0x1818, 0x1819, 0x181A, 0x181B, 0x181C, 0x181D, 0x181E, 0x181F,
    0x1820, 0x1821, 0x1822, 0x1823, 0x1824, 0x1825, 0x1826, 0x1827, 0x1829,
    0x182B, 0x182D, 0x182F, 0x1831, 0x1833, 0x1835, 0x1837, 0x1838, 0x1839,
    0x183A, 0x183B, 0x183C, 0x183D, 0x183E, 0x183F, 0x1840, 0x1841, 0x1842,
    0x1843, 0x1844, 0x1845, 0x1846, 0x1847, 0x1848, 0x1849, 0x184A, 0x184B,
    0x184C, 0x184D, 0x184E, 0x184F, 0x1850, 0x1851, 0x1852, 0x1853, 0x1854,
    0x1855, 0x1856, 0x1857, 0x1858, 0x1859, 0x185A, 0x185B, 0x185C, 0x185D,
    0x185E, 0x185F, 0x1860, 0x1861, 0x1862, 0x1863, 0x1864, 0x1865, 0x1866,
    0x1867, 0x1868, 0x1869, 0x186A, 0x186B, 0x186C, 0x186D, 0x186E, 0x186F,
    0x1870, 0x1871, 0x1872, 0x1873, 0x1874, 0x1875, 0x1876, 0x1877, 0x1878,
    0x1879, 0x187A, 0x187B, 0x187C, 0x187D, 0x187E, 0x187F, 0x1880, 0x1881,
    0x1882, 0x1883, 0x1884, 0x1885, 0x1886, 0x1887, 0x1888, 0x1889, 0x188A,
    0x188B, 0x188C, 0x188D, 0x188E, 0x188F, 0x1890, 0x1891, 0x1892, 0x1893,
    0x1894, 0x1895, 0x1897, 0x1899, 0x189A, 0x189B, 0x189C, 0x189D, 0x189E,
    0x189F, 0x18A0, 0x18A1, 0x18A2, 0x18A3, 0x18A4, 0x18A5, 0x18A6, 0x18A7,
    0x18A8, 0x18A9, 0x18AA, 0x18AB, 0x18AC, 0x18AD, 0x18AE, 0x18AF, 0x18B0,
    0x18B1, 0x18B2, 0x18B3, 0x18B4, 0x18B5, 0x18B6, 0x18B7, 0x18B8, 0x18B9,
    0x18BA, 0x18BB, 0x18BC, 0x18BD, 0x18BE, 0x18BF, 0x18C0, 0x18C1, 0x18C2,
    0x18C3, 0x18C4, 0x18C5, 0x18C6, 0x18C7, 0x18C8, 0x18C9, 0x18CA, 0x18CB,
    0x18CC, 0x18CD, 0x18CE, 0x18CF, 0x18D0, 0x18D1, 0x18D2, 0x18D3, 0x18D4,
    0x18D5, 0x18D6, 0x18D7, 0x18D8, 0x18D9, 0x18DA, 0x18DB, 0x18DC, 0x18DD,
    0x18DE, 0x18DF, 0x18E0, 0x18E1, 0x18E2, 0x18E3, 0x18E4, 0x18E5, 0x18E6,
    0x18E7, 0x18E8, 0x18E9, 0x18EA, 0x18EB, 0x18EC, 0x18ED, 0x18EE, 0x18EF,
    0x18F0, 0x18F1, 0x18F2, 0x18F3, 0x18F4, 0x18F5, 0x18F6, 0x18F7, 0x18F8,
    0x18F9, 0x18FA, 0x18FB, 0x18FC, 0x18FD, 0x18FE, 0x18FF, 0x1900, 0x1901,
    0x1902, 0x1903, 0x1904, 0x1905, 0x1906, 0x1907, 0x1908, 0x1909, 0x190A,
    0x190B, 0x190C, 0x190D, 0x190E, 0x190F, 0x1910, 0x1911, 0x1912, 0x1914,
    0x1915, 0x1917, 0x1918, 0x1919, 0x191A, 0x191B, 0x191C, 0x191D, 0x191E,
    0x191F, 0x1920, 0x1921, 0x1922, 0x1923, 0x1924, 0x1925, 0x1926, 0x1927,
    0x1928, 0x1929, 0x192A, 0x192B, 0x192C, 0x192D, 0x192E, 0x192F, 0x1930,
    0x1931, 0x1932, 0x1933, 0x1934, 0x1935, 0x1936, 0x1937, 0x1938, 0x1939,
    0x193A, 0x193B, 0x193C, 0x193D, 0x193E, 0x193F, 0x1940, 0x1941, 0x1942,
    0x1943, 0x1944, 0x1945, 0x1946, 0x1947, 0x1948, 0x1949, 0x194A, 0x194B,
    0x194C, 0x194D, 0x194E, 0x194F, 0x1950, 0x1951, 0x1952, 0x1953, 0x1954,
    0x1955, 0x1956, 0x1957, 0x1958, 0x1959, 0x195A, 0x195B, 0x195C, 0x195D,
    0x195E, 0x195F, 0x1960, 0x1961, 0x1962, 0x1963, 0x1964, 0x1965, 0x1966,
    0x1967, 0x1968, 0x1969, 0x196A, 0x196B, 0x196C, 0x196D, 0x196E, 0x196F,
    0x1970, 0x1971, 0x1972, 0x1973, 0x1974, 0x1975, 0x1976, 0x1977, 0x1978,
    0x1979, 0x197A, 0x197B, 0x197C, 0x197D, 0x197E, 0x197F, 0x1980, 0x1981,
    0x1982, 0x1983, 0x1984, 0x1985, 0x1986, 0x1987, 0x1988, 0x1989, 0x198A,
    0x198B, 0x198C, 0x198D, 0x198E, 0x198F, 0x1990, 0x1991, 0x1992, 0x1993,
    0x1994, 0x1995, 0x1996, 0x1997, 0x1998, 0x1999, 0x199A, 0x199B, 0x199C,
    0x199D, 0x199E, 0x199F, 0x19A0, 0x19A1, 0x19A2, 0x19A3, 0x19A4, 0x19A5,
    0x19A6, 0x19A7, 0x19A8, 0x19A9, 0x19AA, 0x19AB, 0x19AC, 0x19AD, 0x19AE,
    0x19AF, 0x19B0, 0x19B1, 0x19B2, 0x19B3, 0x19B4, 0x19B5, 0x19B6, 0x19B7,
    0x19B8, 0x19B9, 0x19BA, 0x19BB, 0x19BC, 0x19BD, 0x19BE, 0x19BF, 0x19C0,
    0x19C1, 0x19C2, 0x19C3, 0x19C4, 0x19C5, 0x19C6, 0x19C7, 0x19C8, 0x19C9,
    0x19CA, 0x19CB, 0x19CC, 0x19CD, 0x19CE, 0x19CF, 0x19D0, 0x19D1, 0x19D2,
    0x19D3, 0x19D4, 0x19D5, 0x19D6, 0x19D7, 0x19D8, 0x19D9, 0x19DA, 0x19DB,
    0x19DC, 0x19DD, 0x19DE, 0x19DF, 0x19E0, 0x19E1, 0x19E2, 0x19E3, 0x19E4,
    0x19E5, 0x19E6, 0x19E7, 0x19E8, 0x19E9, 0x19EA, 0x19EB, 0x19EC, 0x19ED,
    0x19EE, 0x19EF, 0x19F0, 0x19F1, 0x19F2, 0x19F3, 0x19F4, 0x19F5, 0x19F6,
    0x19F7, 0x19F8, 0x19F9, 0x19FA, 0x19FB, 0x19FC, 0x19FD, 0x19FE, 0x19FF,
    0x1A00, 0x1A01, 0x1A02, 0x1A03, 0x1A04, 0x1A05, 0x1A06, 0x1A07, 0x1A08,
    0x1A09, 0x1A0A, 0x1A0B, 0x1A0C, 0x1A0D, 0x1A0E, 0x1A0F, 0x1A10, 0x1A11,
    0x1A12, 0x1A13, 0x1A14, 0x1A15, 0x1A16, 0x1A17, 0x1A18, 0x1A19, 0x1A1A,
    0x1A1B, 0x1A1C, 0x1A1D, 0x1A1E, 0x1A1F, 0x1A20, 0x1A21, 0x1A22, 0x1A23,
    0x1A24, 0x1A25, 0x1A26, 0x1A27, 0x1A28, 0x1A29, 0x1A2A, 0x1A2B, 0x1A2C,
    0x1A2D, 0x1A2E, 0x1A2F, 0x1A30, 0x1A31, 0x1A32, 0x1A33, 0x1A34, 0x1A35,
    0x1A36, 0x1A37, 0x1A38, 0x1A39, 0x1A3A, 0x1A3B, 0x1A3C, 0x1A3D, 0x1A3E,
    0x1A3F, 0x1A40, 0x1A41, 0x1A42, 0x1A43, 0x1A44, 0x1A45, 0x1A46, 0x1A47,
    0x1A48, 0x1A49, 0x1A4A, 0x1A4B, 0x1A4C, 0x1A4D, 0x1A4E, 0x1A4F, 0x1A50,
    0x1A51, 0x1A52, 0x1A53, 0x1A54, 0x1A55, 0x1A56, 0x1A57, 0x1A58, 0x1A59,
    0x1A5A, 0x1A5B, 0x1A5C, 0x1A5D, 0x1A5E, 0x1A5F, 0x1A60, 0x1A61, 0x1A62,
    0x1A63, 0x1A64, 0x1A65, 0x1A66, 0x1A67, 0x1A68, 0x1A69, 0x1A6A, 0x1A6B,
    0x1A6C, 0x1A6D, 0x1A6E, 0x1A6F, 0x1A70, 0x1A71, 0x1A72, 0x1A73, 0x1A74,
    0x1A75, 0x1A76, 0x1A77, 0x1A78, 0x1A79, 0x1A7A, 0x1A7B, 0x1A7C, 0x1A7D,
    0x1A7E, 0x1A7F, 0x1A80, 0x1A81, 0x1A82, 0x1A83, 0x1A84, 0x1A85, 0x1A86,
    0x1A87, 0x1A88, 0x1A89, 0x1A8A, 0x1A8B, 0x1A8C, 0x1A8D, 0x1A8E, 0x1A8F,
    0x1A90, 0x1A91, 0x1A92, 0x1A93, 0x1A94, 0x1A95, 0x1A96, 0x1A97, 0x1A98,
    0x1A99, 0x1A9A, 0x1A9B, 0x1A9C, 0x1A9D, 0x1A9E, 0x1A9F, 0x1AA0, 0x1AA1,
    0x1AA2, 0x1AA3, 0x1AA4, 0x1AA5, 0x1AA6, 0x1AA7, 0x1AA8, 0x1AA9, 0x1AAA,
    0x1AAB, 0x1AAC, 0x1AAD, 0x1AAE, 0x1AAF, 0x1AB0, 0x1AB1, 0x1AB2, 0x1AB3,
    0x1AB4, 0x1AB5, 0x1AB6, 0x1AB7, 0x1AB8, 0x1AB9, 0x1ABA, 0x1ABB, 0x1ABC,
    0x1ABD, 0x1ABE, 0x1ABF, 0x1AC0, 0x1AC1, 0x1AC2, 0x1AC3, 0x1AC4, 0x1AC5,
    0x1AC6, 0x1AC7, 0x1AC8, 0x1AC9, 0x1ACA, 0x1ACB, 0x1ACC, 0x1ACD, 0x1ACE,
    0x1ACF, 0x1AD0, 0x1AD1, 0x1AD2, 0x1AD3, 0x1AD4, 0x1AD5, 0x1AD6, 0x1AD7,
    0x1AD8, 0x1AD9, 0x1ADA, 0x1ADB, 0x1ADC, 0x1ADD, 0x1ADE, 0x1ADF, 0x1AE0,
    0x1AE1, 0x1AE2, 0x1AE3, 0x1AE4, 0x1AE5, 0x1AE6, 0x1AE7, 0x1AE8, 0x1AE9,
    0x1AEA, 0x1AEB, 0x1AEC, 0x1AED, 0x1AEE, 0x1AEF, 0x1AF0, 0x1AF1, 0x1AF2,
    0x1AF3, 0x1AF4, 0x1AF5, 0x1AF6, 0x1AF7, 0x1AF8, 0x1AF9, 0x1AFA, 0x1AFB,
    0x1AFC, 0x1AFD, 0x1AFE, 0x1AFF, 0x1B00, 0x1B01, 0x1B02, 0x1B03, 0x1B04,
    0x1B05, 0x1B06, 0x1B07, 0x1B08, 0x1B09, 0x1B0A, 0x1B0B, 0x1B0C, 0x1B0D,
    0x1B0E, 0x1B0F, 0x1B10, 0x1B11, 0x1B12, 0x1B13, 0x1B14, 0x1B15, 0x1B16,
    0x1B17, 0x1B18, 0x1B19, 0x1B1A, 0x1B1B, 0x1B1C, 0x1B1D, 0x1B1E, 0x1B1F,
    0x1B20, 0x1B21, 0x1B22, 0x1B23, 0x1B24, 0x1B25, 0x1B26, 0x1B27, 0x1B28,
    0x1B29, 0x1B2A, 0x1B2B, 0x1B2C, 0x1B2D, 0x1B2E, 0x1B2F, 0x1B30, 0x1B31,
    0x1B32, 0x1B33, 0x1B34, 0x1B35, 0x1B36, 0x1B37, 0x1B38, 0x1B39, 0x1B3A,
    0x1B3B, 0x1B3C, 0x1B3D, 0x1B3E, 0x1B3F, 0x1B40, 0x1B41, 0x1B42, 0x1B43,
    0x1B44, 0x1B45, 0x1B46, 0x1B47, 0x1B48, 0x1B49, 0x1B4A, 0x1B4B, 0x1B4C,
    0x1B4D, 0x1B4E, 0x1B4F, 0x1B50, 0x1B51, 0x1B52, 0x1B53, 0x1B54, 0x1B55,
    0x1B56, 0x1B57, 0x1B58, 0x1B59, 0x1B5A, 0x1B5B, 0x1B5C, 0x1B5D, 0x1B5E,
    0x1B5F, 0x1B60, 0x1B61, 0x1B62, 0x1B63, 0x1B64, 0x1B65, 0x1B66, 0x1B67,
    0x1B68, 0x1B69, 0x1B6A, 0x1B6B, 0x1B6C, 0x1B6D, 0x1B6E, 0x1B6F, 0x1B70,
    0x1B71, 0x1B72, 0x1B73, 0x1B74, 0x1B75, 0x1B76, 0x1B77, 0x1B78, 0x1B79,
    0x1B7A, 0x1B7B, 0x1B7C, 0x1B7D, 0x1B7E, 0x1B7F, 0x1B80, 0x1B81, 0x1B82,
    0x1B83, 0x1B84, 0x1B85, 0x1B86, 0x1B87, 0x1B88, 0x1B89, 0x1B8A, 0x1B8B,
    0x1B8C, 0x1B8D, 0x1B8E, 0x1B8F, 0x1B90, 0x1B91, 0x1B92, 0x1B93, 0x1B94,
    0x1B95, 0x1B96, 0x1B97, 0x1B98, 0x1B99, 0x1B9A, 0x1B9B, 0x1B9C, 0x1B9D,
    0x1B9E, 0x1B9F, 0x1BA0, 0x1BA1, 0x1BA2, 0x1BA3, 0x1BA4, 0x1BA5, 0x1BA6,
    0x1BA7, 0x1BA8, 0x1BA9, 0x1BAA, 0x1BAB, 0x1BAC, 0x1BAD, 0x1BAE, 0x1BAF,
    0x1BB0, 0x1BB1, 0x1BB2, 0x1BB3, 0x1BB4, 0x1BB5, 0x1BB6, 0x1BB7, 0x1BB8,
    0x1BB9, 0x1BBA, 0x1BBB, 0x1BBC, 0x1BBD, 0x1BBE, 0x1BBF, 0x1BC0, 0x1BC1,
    0x1BC2, 0x1BC3, 0x1BC4, 0x1BC5, 0x1BC6, 0x1BC7, 0x1BC8, 0x1BC9, 0x1BCA,
    0x1BCB, 0x1BCC, 0x1BCD, 0x1BCE, 0x1BCF, 0x1BD0, 0x1BD1, 0x1BD2, 0x1BD3,
    0x1BD4, 0x1BD5, 0x1BD6, 0x1BD7, 0x1BD8, 0x1BD9, 0x1BDA, 0x1BDB, 0x1BDC,
    0x1BDD, 0x1BDE, 0x1BDF, 0x1BE0, 0x1BE1, 0x1BE2, 0x1BE3, 0x1BE4, 0x1BE5,
    0x1BE6, 0x1BE7, 0x1BE8, 0x1BE9, 0x1BEA, 0x1BEB, 0x1BEC, 0x1BED, 0x1BEE,
    0x1BEF, 0x1BF0, 0x1BF1, 0x1BF2, 0x1BF3, 0x1BF4, 0x1BF5, 0x1BF6, 0x1BF7,
    0x1BF8, 0x1BF9, 0x1BFA, 0x1BFB, 0x1BFC, 0x1BFD, 0x1BFE, 0x1BFF, 0x1C00,
    0x1C01, 0x1C02, 0x1C03, 0x1C04, 0x1C05, 0x1C06, 0x1C07, 0x1C08, 0x1C09,
    0x1C0A, 0x1C0B, 0x1C0C, 0x1C0D, 0x1C0E, 0x1C0F, 0x1C10, 0x1C11, 0x1C12,
    0x1C13, 0x1C14, 0x1C15, 0x1C16, 0x1C17, 0x1C18, 0x1C19, 0x1C1A, 0x1C1B,
    0x1C1C, 0x1C1D, 0x1C1E, 0x1C1F, 0x1C20, 0x1C21, 0x1C22, 0x1C23, 0x1C24,
    0x1C25, 0x1C26, 0x1C27, 0x1C28, 0x1C29, 0x1C2A, 0x1C2B, 0x1C2C, 0x1C2D,
    0x1C2E, 0x1C2F, 0x1C30, 0x1C31, 0x1C32, 0x1C33, 0x1C34, 0x1C35, 0x1C36,
    0x1C37, 0x1C38, 0x1C39, 0x1C3A, 0x1C3B, 0x1C3C, 0x1C3D, 0x1C3E, 0x1C3F,
    0x1C40, 0x1C41, 0x1C42, 0x1C43, 0x1C44, 0x1C45, 0x1C46, 0x1C47, 0x1C48,
    0x1C49, 0x1C4A, 0x1C4B, 0x1C4C, 0x1C4D, 0x1C4E, 0x1C4F, 0x1C50, 0x1C51,
    0x1C52, 0x1C53, 0x1C54, 0x1C55, 0x1C56, 0x1C57, 0x1C58, 0x1C59, 0x1C5A,
    0x1C5B, 0x1C5C, 0x1C5D, 0x1C5E, 0x1C5F, 0x1C60, 0x1C61, 0x1C62, 0x1C63,
    0x1C64, 0x1C65, 0x1C66, 0x1C67, 0x1C68, 0x1C69, 0x1C6A, 0x1C6B, 0x1C6C,
    0x1C6D, 0x1C6E, 0x1C6F, 0x1C70, 0x1C71, 0x1C72, 0x1C73, 0x1C74, 0x1C75,
    0x1C76, 0x1C77, 0x1C78, 0x1C79, 0x1C7A, 0x1C7B, 0x1C7C, 0x1C7D, 0x1C7E,
    0x1C7F, 0x1C80, 0x1C81, 0x1C82, 0x1C83, 0x1C84, 0x1C85, 0x1C86, 0x1C87,
    0x1C88, 0x1C89, 0x1C8A, 0x1C8B, 0x1C8C, 0x1C8D, 0x1C8E, 0x1C8F, 0x1C90,
    0x1C91, 0x1C92, 0x1C93, 0x1C94, 0x1C95, 0x1C96, 0x1C97, 0x1C98, 0x1C99,
    0x1C9A, 0x1C9B, 0x1C9C, 0x1C9D, 0x1C9E, 0x1C9F, 0x1CA0, 0x1CA1, 0x1CA2,
    0x1CA3, 0x1CA4, 0x1CA5, 0x1CA6, 0x1CA7, 0x1CA8, 0x1CA9, 0x1CAA, 0x1CAB,
    0x1CAC, 0x1CAD, 0x1CAE, 0x1CAF, 0x1CB0, 0x1CB1, 0x1CB2, 0x1CB3, 0x1CB4,
    0x1CB5, 0x1CB6, 0x1CB7, 0x1CB8, 0x1CB9, 0x1CBA, 0x1CBB, 0x1CBC, 0x1CBD,
    0x1CBE, 0x1CBF, 0x1CC0, 0x1CC1, 0x1CC2, 0x1CC3, 0x1CC4, 0x1CC5, 0x1CC6,
    0x1CC7, 0x1CC8, 0x1CC9, 0x1CCA, 0x1CCB, 0x1CCC, 0x1CCD, 0x1CCE, 0x1CCF,
    0x1CD0, 0x1CD1, 0x1CD2, 0x1CD3, 0x1CD4, 0x1CD5, 0x1CD6, 0x1CD7, 0x1CD8,
    0x1CD9, 0x1CDA, 0x1CDB, 0x1CDC, 0x1CDD, 0x1CDE, 0x1CDF, 0x1CE0, 0x1CE1,
    0x1CE2, 0x1CE3, 0x1CE4, 0x1CE5, 0x1CE6, 0x1CE7, 0x1CE8, 0x1CE9, 0x1CEA,
    0x1CEB, 0x1CEC, 0x1CED, 0x1CEE, 0x1CEF, 0x1CF0, 0x1CF1, 0x1CF2, 0x1CF3,
    0x1CF4, 0x1CF5, 0x1CF6, 0x1CF7, 0x1CF8, 0x1CF9, 0x1CFA, 0x1CFB, 0x1CFC,
    0x1CFD, 0x1CFE, 0x1CFF, 0x1D00, 0x1D01, 0x1D02, 0x1D03, 0x1D04, 0x1D05,
    0x1D06, 0x1D07, 0x1D08, 0x1D09, 0x1D0A, 0x1D0B, 0x1D0C, 0x1D0D, 0x1D0E,
    0x1D0F, 0x1D10, 0x1D11, 0x1D12, 0x1D13, 0x1D14, 0x1D15, 0x1D16, 0x1D17,
    0x1D18, 0x1D19, 0x1D1A, 0x1D1B, 0x1D1C, 0x1D1D, 0x1D1E, 0x1D1F, 0x1D20,
    0x1D21, 0x1D22, 0x1D23, 0x1D24, 0x1D25, 0x1D26, 0x1D27, 0x1D28, 0x1D29,
    0x1D2A, 0x1D2B, 0x1D2C, 0x1D2D, 0x1D2E, 0x1D2F, 0x1D30, 0x1D31, 0x1D32,
    0x1D33, 0x1D34, 0x1D35, 0x1D36, 0x1D37, 0x1D38, 0x1D39, 0x1D3A, 0x1D3B,
    0x1D3C, 0x1D3D, 0x1D3E, 0x1D3F, 0x1D40, 0x1D41, 0x1D42, 0x1D43, 0x1D44,
    0x1D45, 0x1D46, 0x1D47, 0x1D48, 0x1D49, 0x1D4A, 0x1D4B, 0x1D4C, 0x1D4D,
    0x1D4E, 0x1D4F, 0x1D50, 0x1D51, 0x1D52, 0x1D53, 0x1D54, 0x1D55, 0x1D56,
    0x1D57, 0x1D58, 0x1D59, 0x1D5A, 0x1D5B, 0x1D5C, 0x1D5D, 0x1D5E, 0x1D5F,
    0x1D60, 0x1D61, 0x1D62, 0x1D63, 0x1D64, 0x1D65, 0x1D66, 0x1D67, 0x1D68,
    0x1D69, 0x1D6A, 0x1D6B, 0x1D6C, 0x1D6D, 0x1D6E, 0x1D6F, 0x1D70, 0x1D71,
    0x1D72, 0x1D73, 0x1D74, 0x1D75, 0x1D76, 0x1D77, 0x1D78, 0x1D79, 0x1D7A,
    0x1D7B, 0x1D7C, 0x1D7D, 0x1D7E, 0x1D7F, 0x1D80, 0x1D81, 0x1D82, 0x1D83,
    0x1D84, 0x1D85, 0x1D86, 0x1D87, 0x1D88, 0x1D89, 0x1D8A, 0x1D8B, 0x1D8C,
    0x1D8D, 0x1D8E, 0x1D8F, 0x1D90, 0x1D91, 0x1D92, 0x1D93, 0x1D94, 0x1D95,
    0x1D96, 0x1D97, 0x1D98, 0x1D99, 0x1D9A, 0x1D9B, 0x1D9C, 0x1D9D, 0x1D9E,
    0x1D9F, 0x1DA0, 0x1DA1, 0x1DA2, 0x1DA3, 0x1DA4, 0x1DA5, 0x1DA6, 0x1DA7,
    0x1DA8, 0x1DA9, 0x1DAA, 0x1DAB, 0x1DAC, 0x1DAD, 0x1DAE, 0x1DAF, 0x1DB0,
    0x1DB1, 0x1DB2, 0x1DB3, 0x1DB4, 0x1DB5, 0x1DB6, 0x1DB7, 0x1DB8, 0x1DB9,
    0x1DBA, 0x1DBB, 0x1DBC, 0x1DBD, 0x1DBE, 0x1DBF, 0x1DC0, 0x1DC1, 0x1DC2,
    0x1DC3, 0x1DC4, 0x1DC5, 0x1DC6, 0x1DC7, 0x1DC8, 0x1DC9, 0x1DCA, 0x1DCB,
    0x1DCC, 0x1DCD, 0x1DCE, 0x1DCF, 0x1DD0, 0x1DD1, 0x1DD2, 0x1DD3, 0x1DD4,
    0x1DD5, 0x1DD6, 0x1DD7, 0x1DD8, 0x1DD9, 0x1DDA, 0x1DDB, 0x1DDC, 0x1DDD,
    0x1DDE, 0x1DDF, 0x1DE0, 0x1DE1, 0x1DE2, 0x1DE3, 0x1DE4, 0x1DE5, 0x1DE6,
    0x1DE7, 0x1DE8, 0x1DE9, 0x1DEA, 0x1DEB, 0x1DEC, 0x1DED, 0x1DEE, 0x1DEF,
    0x1DF0, 0x1DF1, 0x1DF2, 0x1DF3, 0x1DF4, 0x1DF5, 0x1DF6, 0x1DF7, 0x1DF8,
    0x1DF9, 0x1DFA, 0x1DFB, 0x1DFC, 0x1DFD, 0x1DFE, 0x1DFF, 0x1E00, 0x1E01,
    0x1E02, 0x1E03, 0x1E04, 0x1E05, 0x1E06, 0x1E07, 0x1E08, 0x1E09, 0x1E0A,
    0x1E0B, 0x1E0C, 0x1E0D, 0x1E0E, 0x1E0F, 0x1E10, 0x1E11, 0x1E12, 0x1E13,
    0x1E14, 0x1E15, 0x1E16, 0x1E17, 0x1E18, 0x1E19, 0x1E1A, 0x1E1B, 0x1E1C,
    0x1E1D, 0x1E1E, 0x1E1F, 0x1E21, 0x1E23, 0x1E25, 0x1E27, 0x1E29, 0x1E2B,
    0x1E2D, 0x1E2F, 0x1E31, 0x1E33, 0x1E35, 0x1E38, 0x1E3B, 0x1E3E, 0x1E41,
    0x1E44, 0x1E47, 0x1E4A, 0x1E4D, 0x1E50, 0x1E53, 0x1E56, 0x1E59, 0x1E5C,
    0x1E5F, 0x1E62, 0x1E65, 0x1E68, 0x1E6B, 0x1E6E, 0x1E71, 0x1E74, 0x1E77,
    0x1E7A, 0x1E7D, 0x1E80, 0x1E83, 0x1E86, 0x1E89, 0x1E8C, 0x1E90, 0x1E94,
    0x1E95, 0x1E96, 0x1E97, 0x1E98, 0x1E99, 0x1E9A, 0x1E9B, 0x1E9C, 0x1E9D,
    0x1E9E, 0x1E9F, 0x1EA0, 0x1EA1, 0x1EA2, 0x1EA3, 0x1EA4, 0x1EA5, 0x1EA6,
    0x1EA7, 0x1EA8, 0x1EA9, 0x1EAA, 0x1EAB, 0x1EAC, 0x1EAD, 0x1EAE, 0x1EB0,
    0x1EB2, 0x1EB4, 0x1EB6, 0x1EB9, 0x1EBB, 0x1EBD, 0x1EBF, 0x1EC1, 0x1EC3,
    0x1EC5, 0x1EC7, 0x1EC8, 0x1EC9, 0x1ECA, 0x1ECB, 0x1ECC, 0x1ECD, 0x1ECE,
    0x1ECF, 0x1ED0, 0x1ED1, 0x1ED2, 0x1ED3, 0x1ED4, 0x1ED5, 0x1ED6, 0x1ED7,
    0x1ED8, 0x1ED9, 0x1EDA, 0x1EDB, 0x1EDC, 0x1EDD, 0x1EDE, 0x1EDF, 0x1EE0,
    0x1EE1, 0x1EE2, 0x1EE3, 0x1EE4, 0x1EE5, 0x1EE6, 0x1EE7, 0x1EE8, 0x1EE9,
    0x1EEA, 0x1EEB, 0x1EEC, 0x1EED, 0x1EEE, 0x1EEF, 0x1EF0, 0x1EF1, 0x1EF2,
    0x1EF3, 0x1EF4, 0x1EF7, 0x1EFA, 0x1EFD, 0x1F00, 0x1F03, 0x1F06, 0x1F09,
    0x1F0C, 0x1F0F, 0x1F12, 0x1F15, 0x1F16, 0x1F17, 0x1F18, 0x1F19, 0x1F1A,
    0x1F1B, 0x1F1C, 0x1F1D, 0x1F1E, 0x1F1F, 0x1F20, 0x1F21, 0x1F22, 0x1F23,
    0x1F24, 0x1F25, 0x1F26, 0x1F27, 0x1F28, 0x1F29, 0x1F2A, 0x1F2B, 0x1F2C,
    0x1F2D, 0x1F2E, 0x1F2F, 0x1F30, 0x1F31, 0x1F32, 0x1F33, 0x1F34, 0x1F35,
    0x1F36, 0x1F37, 0x1F38, 0x1F39, 0x1F3A, 0x1F3B, 0x1F3C, 0x1F3D, 0x1F3E,
    0x1F3F, 0x1F40, 0x1F41, 0x1F42, 0x1F43, 0x1F44, 0x1F45, 0x1F46, 0x1F47,
    0x1F48, 0x1F49, 0x1F4A, 0x1F4B, 0x1F4C, 0x1F4D, 0x1F4E, 0x1F4F, 0x1F50,
    0x1F51, 0x1F52, 0x1F53, 0x1F54, 0x1F55, 0x1F56, 0x1F57, 0x1F58, 0x1F59,
    0x1F5A, 0x1F5B, 0x1F5C, 0x1F5D, 0x1F5E, 0x1F5F, 0x1F60, 0x1F61, 0x1F62,
    0x1F63, 0x1F64, 0x1F65, 0x1F66, 0x1F67, 0x1F68, 0x1F69, 0x1F6A, 0x1F6B,
    0x1F6C, 0x1F6D, 0x1F6E, 0x1F6F, 0x1F70, 0x1F71, 0x1F72, 0x1F73, 0x1F74,
    0x1F75, 0x1F76, 0x1F77, 0x1F78, 0x1F79, 0x1F7A, 0x1F7B, 0x1F7C, 0x1F7D,
    0x1F7E, 0x1F7F, 0x1F80, 0x1F81, 0x1F82, 0x1F83, 0x1F84, 0x1F85, 0x1F86,
    0x1F87, 0x1F88, 0x1F89, 0x1F8A, 0x1F8B, 0x1F8C, 0x1F8D, 0x1F8E, 0x1F8F,
    0x1F90, 0x1F91, 0x1F92, 0x1F93, 0x1F94, 0x1F95, 0x1F96, 0x1F97, 0x1F98,
    0x1F99, 0x1F9A, 0x1F9B, 0x1F9C, 0x1F9D, 0x1F9E, 0x1F9F, 0x1FA0, 0x1FA1,
    0x1FA2, 0x1FA3, 0x1FA4, 0x1FA5, 0x1FA6, 0x1FA7, 0x1FA8, 0x1FA9, 0x1FAA,
    0x1FAB, 0x1FAC, 0x1FAD, 0x1FAE, 0x1FAF, 0x1FB0, 0x1FB1, 0x1FB2, 0x1FB3,
    0x1FB4, 0x1FB5, 0x1FB6, 0x1FB7, 0x1FB8, 0x1FB9, 0x1FBA, 0x1FBB, 0x1FBC,
    0x1FBD, 0x1FBE, 0x1FBF, 0x1FC0, 0x1FC1, 0x1FC2, 0x1FC3, 0x1FC4, 0x1FC5,
    0x1FC6, 0x1FC7, 0x1FC8, 0x1FC9, 0x1FCA, 0x1FCB, 0x1FCC, 0x1FCD, 0x1FCE,
    0x1FCF, 0x1FD0, 0x1FD1, 0x1FD2, 0x1FD3, 0x1FD4, 0x1FD5, 0x1FD6, 0x1FD7,
    0x1FD8, 0x1FD9, 0x1FDA, 0x1FDB, 0x1FDC, 0x1FDD, 0x1FDE, 0x1FDF, 0x1FE0,
    0x1FE1, 0x1FE2, 0x1FE3, 0x1FE4, 0x1FE5, 0x1FE6, 0x1FE7, 0x1FE8, 0x1FE9,
    0x1FEA, 0x1FEB, 0x1FEC, 0x1FED, 0x1FEE, 0x1FEF, 0x1FF0, 0x1FF1, 0x1FF2,
    0x1FF3, 0x1FF4, 0x1FF5, 0x1FF6, 0x1FF7, 0x1FF8, 0x1FF9, 0x1FFA, 0x1FFB,
    0x1FFC, 0x1FFD, 0x1FFE, 0x1FFF, 0x2000, 0x2001, 0x2002, 0x2003, 0x2004,
    0x2005, 0x2006, 0x2007, 0x2008, 0x2009, 0x200A, 0x200B, 0x200C, 0x200D,
    0x200E, 0x200F, 0x2010, 0x2011, 0x2012, 0x2013, 0x2014, 0x2015, 0x2016,
    0x2017, 0x2018, 0x2019, 0x201A, 0x201B, 0x201C, 0x201D, 0x201E, 0x201F,
    0x2020, 0x2021, 0x2022, 0x2023, 0x2024, 0x2025, 0x2026, 0x2027, 0x2028,
    0x2029, 0x202A, 0x202B, 0x202C, 0x202D, 0x202E, 0x202F, 0x2030, 0x2031,
    0x2032, 0x2033, 0x2034, 0x2035, 0x2036, 0x2037, 0x2038, 0x2039, 0x203A,
    0x203B, 0x203C, 0x203D, 0x203E, 0x203F, 0x2040, 0x2041, 0x2042, 0x2043,
    0x2044, 0x2045, 0x2046, 0x2047, 0x2048, 0x2049, 0x204A, 0x204B, 0x204C,
    0x204D, 0x204E, 0x204F, 0x2050, 0x2051, 0x2052, 0x2053, 0x2054, 0x2055,
    0x2056, 0x2057, 0x2058, 0x2059, 0x205A, 0x205B, 0x205C, 0x205D, 0x205E,
    0x205F, 0x2060, 0x2061, 0x2062, 0x2063, 0x2064, 0x2065, 0x2066, 0x2067,
    0x2068, 0x2069, 0x206A, 0x206B, 0x206C, 0x206D, 0x206E, 0x206F, 0x2070,
    0x2071, 0x2072, 0x2073, 0x2074, 0x2075, 0x2076, 0x2077, 0x2078, 0x2079,
    0x207A, 0x207B, 0x207C, 0x207D, 0x207E, 0x207F, 0x2080, 0x2081, 0x2082,
    0x2083, 0x2084, 0x2085, 0x2086, 0x2087, 0x2088, 0x2089, 0x208A, 0x208B,
    0x208C, 0x208D, 0x208E, 0x208F, 0x2090, 0x2091, 0x2092, 0x2093, 0x2094,
    0x2095, 0x2096, 0x2097, 0x2098, 0x2099, 0x209A, 0x209B, 0x209C, 0x209D,
    0x209E, 0x209F, 0x20A0, 0x20A1, 0x20A2, 0x20A3, 0x20A4, 0x20A5, 0x20A6,
    0x20A7, 0x20A8, 0x20A9, 0x20AA, 0x20AB, 0x20AC, 0x20AD, 0x20AE, 0x20AF,
    0x20B0, 0x20B1, 0x20B2, 0x20B3, 0x20B4, 0x20B5, 0x20B6, 0x20B7, 0x20B8,
    0x20B9, 0x20BA, 0x20BB, 0x20BC, 0x20BD, 0x20BE, 0x20BF, 0x20C0, 0x20C1,
    0x20C2, 0x20C3, 0x20C4, 0x20C5, 0x20C6, 0x20C7, 0x20C8, 0x20C9, 0x20CA,
    0x20CB, 0x20CC, 0x20CD, 0x20CE, 0x20CF, 0x20D0, 0x20D1, 0x20D2, 0x20D3,
    0x20D4,
};
constexpr char16_t TRANSLIT_TEXT[8404] = {
    0x0020, 0x0021, 0x0047, 0x0042, 0x0050, 0x0028, 0x0043, 0x0029, 0x0061,
    0x003C, 0x003C, 0x002D, 0x0028, 0x0052, 0x0029, 0x002B, 0x002F, 0x002D,
    0x0032, 0x0033, 0x03BC, 0x0031, 0x006F, 0x003E, 0x003E, 0x0020, 0x0031,
    0x002F, 0x0034, 0x0020, 0x0031, 0x002F, 0x0032, 0x0020, 0x0033, 0x002F,
    0x0034, 0x003F, 0x0041, 0x0041, 0x0041, 0x0041, 0x0041, 0x0041, 0x0041,
    0x0045, 0x0043, 0x0045, 0x0045, 0x0045, 0x0045, 0x0049, 0x0049, 0x0049,
    0x0049, 0x0044, 0x004E, 0x004F, 0x004F, 0x004F, 0x004F, 0x004F, 0x002A,
    0x004F, 0x0055, 0x0055, 0x0055, 0x0055, 0x0059, 0x0054, 0x0048, 0x0073,
    0x0073, 0x0061, 0x0061, 0x0061, 0x0061, 0x0061, 0x0061, 0x0061, 0x0065,
    0x0063, 0x0065, 0x0065, 0x0065, 0x0065, 0x0069, 0x0069, 0x0069, 0x0069,
    0x0064, 0x006E, 0x006F, 0x006F, 0x006F, 0x006F, 0x006F, 0x002F, 0x006F,
    0x0075, 0x0075, 0x0075, 0x0075, 0x0079, 0x0074, 0x0068, 0x0079, 0x0041,
    0x0061, 0x0041, 0x0061, 0x0041, 0x0061, 0x0043, 0x0063, 0x0043, 0x0063,
    0x0043, 0x0063, 0x0043, 0x0063, 0x0044, 0x0064, 0x0044, 0x0064, 0x0045,
    0x0065, 0x0045, 0x0065, 0x0045, 0x0065, 0x0045, 0x0065, 0x0045, 0x0065,
    0x0047, 0x0067, 0x0047, 0x0067, 0x0047, 0x0067, 0x0047, 0x0067, 0x0048,
    0x0068, 0x0048, 0x0068, 0x0049, 0x0069, 0x0049, 0x0069, 0x0049, 0x0069,
    0x0049, 0x0069, 0x0049, 0x0069, 0x0049, 0x004A, 0x0069, 0x006A, 0x004A,
    0x006A, 0x004B, 0x006B, 0x0071, 0x004C, 0x006C, 0x004C, 0x006C, 0x004C,
    0x006C, 0x004C, 0x006C, 0x004C, 0x006C, 0x004E, 0x006E, 0x004E, 0x006E,
    0x004E, 0x006E, 0x0027, 0x006E, 0x004E, 0x006E, 0x004F, 0x006F, 0x004F,
    0x006F, 0x004F, 0x006F, 0x004F, 0x0045, 0x006F, 0x0065, 0x0052, 0x0072,
    0x0052, 0x0072, 0x0052, 0x0072, 0x0053, 0x0073, 0x0053, 0x0073, 0x0053,
    0x0073, 0x0053, 0x0073, 0x0054, 0x0074, 0x0054, 0x0074, 0x0054, 0x0074,
    0x0055, 0x0075, 0x0055, 0x0075, 0x0055, 0x0075, 0x0055, 0x0075, 0x0055,
    0x0075, 0x0055, 0x0075, 0x0057, 0x0077, 0x0059, 0x0079, 0x0059, 0x005A,
    0x007A, 0x005A, 0x007A, 0x005A, 0x007A, 0x0073, 0x0062, 0x0042, 0x0042,
    0x0062, 0x0043, 0x0063, 0x0044, 0x0044, 0x0044, 0x0064, 0x0045, 0x0046,
    0x0066, 0x0047, 0x0068, 0x0076, 0x0049, 0x0049, 0x004B, 0x006B, 0x006C,
    0x004E, 0x006E, 0x004F, 0x006F, 0x004F, 0x0049, 0x006F, 0x0069, 0x0050,
    0x0070, 0x0074, 0x0054, 0x0074, 0x0054, 0x0055, 0x0075, 0x0056, 0x0059,
    0x0079, 0x005A, 0x007A, 0x0044, 0x005A, 0x0044, 0x007A, 0x0064, 0x007A,
    0x004C, 0x004A, 0x004C, 0x006A, 0x006C, 0x006A, 0x004E, 0x004A, 0x004E,
    0x006A, 0x006E, 0x006A, 0x0041, 0x0061, 0x0049, 0x0069, 0x004F, 0x006F,
    0x0055, 0x0075, 0x0055, 0x0075, 0x0055, 0x0075, 0x0055, 0x0075, 0x0055,
    0x0075, 0x0041, 0x0061, 0x0041, 0x0061, 0x00C6, 0x00E6, 0x0047, 0x0067,
    0x0047, 0x0067, 0x004B, 0x006B, 0x004F, 0x006F, 0x004F, 0x006F, 0x01B7,
    0x0292, 0x006A, 0x0044, 0x005A, 0x0044, 0x007A, 0x0064, 0x007A, 0x0047,
    0x0067, 0x004E, 0x006E, 0x0041, 0x0061, 0x00C6, 0x00E6, 0x00D8, 0x00F8,
    0x0041, 0x0061, 0x0041, 0x0061, 0x0045, 0x0065, 0x0045, 0x0065, 0x0049,
    0x0069, 0x0049, 0x0069, 0x004F, 0x006F, 0x004F, 0x006F, 0x0052, 0x0072,
    0x0052, 0x0072, 0x0055, 0x0075, 0x0055, 0x0075, 0x0053, 0x0073, 0x0054,
    0x0074, 0x0048, 0x0068, 0x0064, 0x005A, 0x007A, 0x0041, 0x0061, 0x0045,
    0x0065, 0x004F, 0x006F, 0x004F, 0x006F, 0x004F, 0x006F, 0x004F, 0x006F,
    0x0059, 0x0079, 0x006C, 0x006E, 0x0074, 0x006A, 0x0064, 0x0062, 0x0071,
    0x0070, 0x0041, 0x0043, 0x0063, 0x004C, 0x0054, 0x0073, 0x007A, 0x0042,
    0x0055, 0x0045, 0x0065, 0x004A, 0x006A, 0x0052, 0x0072, 0x0059, 0x0079,
    0x0062, 0x0063, 0x0064, 0x0064, 0x0065, 0x006A, 0x0067, 0x0067, 0x0047,
    0x0068, 0x0068, 0x0069, 0x0049, 0x006C, 0x006C, 0x006C, 0x006D, 0x006E,
    0x006E, 0x004E, 0x004F, 0x0045, 0x0072, 0x0072, 0x0072, 0x0052, 0x0073,
    0x0074, 0x0075, 0x0076, 0x0059, 0x007A, 0x007A, 0x0042, 0x0047, 0x0048,
    0x006A, 0x004C, 0x0071, 0x0064, 0x007A, 0x0064, 0x007A, 0x0074, 0x0073,
    0x006C, 0x0073, 0x006C, 0x007A, 0x0068, 0x0266, 0x006A, 0x0072, 0x0279,
    0x027B, 0x0281, 0x0077, 0x0079, 0x0027, 0x0022, 0x0027, 0x0027, 0x0027,
    0x003C, 0x003E, 0x005E, 0x005E, 0x0027, 0x0060, 0x003A, 0x002B, 0x002D,
    0x007E, 0x0263, 0x006C, 0x0073, 0x0078, 0x0295, 0x02B9, 0x003B, 0x00A8,
    0x0391, 0x00B7, 0x0395, 0x0397, 0x0399, 0x039F, 0x03A5, 0x03A9, 0x03B9,
    0x0399, 0x03A5, 0x03B1, 0x03B5, 0x03B7, 0x03B9, 0x03C5, 0x03B9, 0x03C5,
    0x03BF, 0x03C5, 0x03C9, 0x03B2, 0x03B8, 0x03A5, 0x03D2, 0x03D2, 0x03C6,
    0x03C0, 0x03BA, 0x03C1, 0x03C2, 0x0398, 0x03B5, 0x03A3, 0x0415, 0x0415,
    0x0413, 0x0406, 0x041A, 0x0418, 0x0423, 0x0418, 0x0438, 0x0435, 0x0435,
    0x0433, 0x0456, 0x043A, 0x0438, 0x0443, 0x0474, 0x0475, 0x0416, 0x0436,
    0x0410, 0x0430, 0x0410, 0x0430, 0x0415, 0x0435, 0x04D8, 0x04D9, 0x0416,
    0x0436, 0x0417, 0x0437, 0x0418, 0x0438, 0x0418, 0x0438, 0x041E, 0x043E,
    0x04E8, 0x04E9, 0x042D, 0x044D, 0x0423, 0x0443, 0x0423, 0x0443, 0x0423,
    0x0443, 0x0427, 0x0447, 0x042B, 0x044B, 0x0565, 0x0582, 0x0627, 0x0627,
    0x0648, 0x0627, 0x064A, 0x0627, 0x0674, 0x0648, 0x0674, 0x06C7, 0x0674,
    0x064A, 0x0674, 0x06D5, 0x06C1, 0x06D2, 0x0928, 0x0930, 0x0933, 0x0915,
    0x0916, 0x0917, 0x091C, 0x0921, 0x0922, 0x092B, 0x092F, 0x09A1, 0x09A2,
    0x09AF, 0x0A32, 0x0A38, 0x0A16, 0x0A17, 0x0A1C, 0x0A2B, 0x0B21, 0x0B22,
    0x0B92, 0x0E32, 0x0EB2, 0x0EAB, 0x0E99, 0x0EAB, 0x0EA1, 0x0F0B, 0x0F42,
    0x0F4C, 0x0F51, 0x0F56, 0x0F5B, 0x0F40, 0x1025, 0x10DC, 0x1B05, 0x1B07,
    0x1B09, 0x1B0B, 0x1B0D, 0x1B11, 0x0041, 0x0041, 0x0045, 0x0042, 0x0043,
    0x0044, 0x0044, 0x0045, 0x004A, 0x004B, 0x004C, 0x004D, 0x004F, 0x0050,
    0x0054, 0x0055, 0x0056, 0x0057, 0x005A, 0x0041, 0x00C6, 0x0042, 0x0044,
    0x0045, 0x018E, 0x0047, 0x0048, 0x0049, 0x004A, 0x004B, 0x004C, 0x004D,
    0x004E, 0x004F, 0x0222, 0x0050, 0x0052, 0x0054, 0x0055, 0x0057, 0x0061,
    0x0250, 0x0251, 0x1D02, 0x0062, 0x0064, 0x0065, 0x0259, 0x025B, 0x025C,
    0x0067, 0x006B, 0x006D, 0x014B, 0x006F, 0x0254, 0x1D16, 0x1D17, 0x0070,
    0x0074, 0x0075, 0x1D1D, 0x026F, 0x0076, 0x1D25, 0x03B2, 0x03B3, 0x03B4,
    0x03C6, 0x03C7, 0x0069, 0x0072, 0x0075, 0x0076, 0x03B2, 0x03B3, 0x03C1,
    0x03C6, 0x03C7, 0x0075, 0x0065, 0x0062, 0x0064, 0x0066, 0x006D, 0x006E,
    0x0070, 0x0072, 0x0072, 0x0073, 0x0074, 0x007A, 0x043D, 0x0074, 0x0068,
    0x0049, 0x0070, 0x0055, 0x0062, 0x0064, 0x0066, 0x0067, 0x006B, 0x006C,
    0x006D, 0x006E, 0x0070, 0x0072, 0x0073, 0x0076, 0x0078, 0x007A, 0x0061,
    0x0064, 0x0065, 0x0065, 0x0069, 0x0075, 0x0252, 0x0063, 0x0255, 0x00F0,
    0x025C, 0x0066, 0x025F, 0x0261, 0x0265, 0x0268, 0x0269, 0x026A, 0x1D7B,
    0x029D, 0x026D, 0x1D85, 0x029F, 0x0271, 0x0270, 0x0272, 0x0273, 0x0274,
    0x0275, 0x0278, 0x0282, 0x0283, 0x01AB, 0x0289, 0x028A, 0x1D1C, 0x028B,
    0x028C, 0x007A, 0x0290, 0x0291, 0x0292, 0x03B8, 0x0041, 0x0061, 0x0042,
    0x0062, 0x0042, 0x0062, 0x0042, 0x0062, 0x0043, 0x0063, 0x0044, 0x0064,
    0x0044, 0x0064, 0x0044, 0x0064, 0x0044, 0x0064, 0x0044, 0x0064, 0x0045,
    0x0065, 0x0045, 0x0065, 0x0045, 0x0065, 0x0045, 0x0065, 0x0045, 0x0065,
    0x0046, 0x0066, 0x0047, 0x0067, 0x0048, 0x0068, 0x0048, 0x0068, 0x0048,
    0x0068, 0x0048, 0x0068, 0x0048, 0x0068, 0x0049, 0x0069, 0x0049, 0x0069,
    0x004B, 0x006B, 0x004B, 0x006B, 0x004B, 0x006B, 0x004C, 0x006C, 0x004C,
    0x006C, 0x004C, 0x006C, 0x004C, 0x006C, 0x004D, 0x006D, 0x004D, 0x006D,
    0x004D, 0x006D, 0x004E, 0x006E, 0x004E, 0x006E, 0x004E, 0x006E, 0x004E,
    0x006E, 0x004F, 0x006F, 0x004F, 0x006F, 0x004F, 0x006F, 0x004F, 0x006F,
    0x0050, 0x0070, 0x0050, 0x0070, 0x0052, 0x0072, 0x0052, 0x0072, 0x0052,
    0x0072, 0x0052, 0x0072, 0x0053, 0x0073, 0x0053, 0x0073, 0x0053, 0x0073,
    0x0053, 0x0073, 0x0053, 0x0073, 0x0054, 0x0074, 0x0054, 0x0074, 0x0054,
    0x0074, 0x0054, 0x0074, 0x0055, 0x0075, 0x0055, 0x0075, 0x0055, 0x0075,
    0x0055, 0x0075, 0x0055, 0x0075, 0x0056, 0x0076, 0x0056, 0x0076, 0x0057,
    0x0077, 0x0057, 0x0077, 0x0057, 0x0077, 0x0057, 0x0077, 0x0057, 0x0077,
    0x0058, 0x0078, 0x0058, 0x0078, 0x0059, 0x0079, 0x005A, 0x007A, 0x005A,
    0x007A, 0x005A, 0x007A, 0x0068, 0x0074, 0x0077, 0x0079, 0x0061, 0x017F,
    0x0073, 0x0073, 0x0053, 0x0053, 0x0041, 0x0061, 0x0041, 0x0061, 0x0041,
    0x0061, 0x0041, 0x0061, 0x0041, 0x0061, 0x0041, 0x0061, 0x0041, 0x0061,
    0x0041, 0x0061, 0x0041, 0x0061, 0x0041, 0x0061, 0x0041, 0x0061, 0x0041,
    0x0061, 0x0045, 0x0065, 0x0045, 0x0065, 0x0045, 0x0065, 0x0045, 0x0065,
    0x0045, 0x0065, 0x0045, 0x0065, 0x0045, 0x0065, 0x0045, 0x0065, 0x0049,
    0x0069, 0x0049, 0x0069, 0x004F, 0x006F, 0x004F, 0x006F, 0x004F, 0x006F,
    0x004F, 0x006F, 0x004F, 0x006F, 0x004F, 0x006F, 0x004F, 0x006F, 0x004F,
    0x006F, 0x004F, 0x006F, 0x004F, 0x006F, 0x004F, 0x006F, 0x004F, 0x006F,
    0x0055, 0x0075, 0x0055, 0x0075, 0x0055, 0x0075, 0x0055, 0x0075, 0x0055,
    0x0075, 0x0055, 0x0075, 0x0055, 0x0075, 0x0059, 0x0079, 0x0059, 0x0079,
    0x0059, 0x0079, 0x0059, 0x0079, 0x004C, 0x004C, 0x006C, 0x006C, 0x0056,
    0x0076, 0x0059, 0x0079, 0x03B1, 0x03B1, 0x03B1, 0x03B1, 0x03B1, 0x03B1,
    0x03B1, 0x03B1, 0x0391, 0x0391, 0x0391, 0x0391, 0x0391, 0x0391, 0x0391,
    0x0391, 0x03B5, 0x03B5, 0x03B5, 0x03B5, 0x03B5, 0x03B5, 0x0395, 0x0395,
    0x0395, 0x0395, 0x0395, 0x0395, 0x03B7, 0x03B7, 0x03B7, 0x03B7, 0x03B7,
    0x03B7, 0x03B7, 0x03B7, 0x0397, 0x0397, 0x0397, 0x0397, 0x0397, 0x0397,
    0x0397, 0x0397, 0x03B9, 0x03B9, 0x03B9, 0x03B9, 0x03B9, 0x03B9, 0x03B9,
    0x03B9, 0x0399, 0x0399, 0x0399, 0x0399, 0x0399, 0x0399, 0x0399, 0x0399,
    0x03BF, 0x03BF, 0x03BF, 0x03BF, 0x03BF, 0x03BF, 0x039F, 0x039F, 0x039F,
    0x039F, 0x039F, 0x039F, 0x03C5, 0x03C5, 0x03C5, 0x03C5, 0x03C5, 0x03C5,
    0x03C5, 0x03C5, 0x03A5, 0x03A5, 0x03A5, 0x03A5, 0x03C9, 0x03C9, 0x03C9,
    0x03C9, 0x03C9, 0x03C9, 0x03C9, 0x03C9, 0x03A9, 0x03A9, 0x03A9, 0x03A9,
    0x03A9, 0x03A9, 0x03A9, 0x03A9, 0x03B1, 0x03B1, 0x03B5, 0x03B5, 0x03B7,
    0x03B7, 0x03B9, 0x03B9, 0x03BF, 0x03BF, 0x03C5, 0x03C5, 0x03C9, 0x03C9,
    0x03B1, 0x03B1, 0x03B1, 0x03B1, 0x03B1, 0x03B1, 0x03B1, 0x03B1, 0x0391,
    0x0391, 0x0391, 0x0391, 0x0391, 0x0391, 0x0391, 0x0391, 0x03B7, 0x03B7,
    0x03B7, 0x03B7, 0x03B7, 0x03B7, 0x03B7, 0x03B7, 0x0397, 0x0397, 0x0397,
    0x0397, 0x0397, 0x0397, 0x0397, 0x0397, 0x03C9, 0x03C9, 0x03C9, 0x03C9,
    0x03C9, 0x03C9, 0x03C9, 0x03C9, 0x03A9, 0x03A9, 0x03A9, 0x03A9, 0x03A9,
    0x03A9, 0x03A9, 0x03A9, 0x03B1, 0x03B1, 0x03B1, 0x03B1, 0x03B1, 0x03B1,
    0x03B1, 0x0391, 0x0391, 0x0391, 0x0391, 0x0391, 0x03B9, 0x00A8, 0x03B7,
    0x03B7, 0x03B7, 0x03B7, 0x03B7, 0x0395, 0x0395, 0x0397, 0x0397, 0x0397,
    0x1FBF, 0x1FBF, 0x1FBF, 0x03B9, 0x03B9, 0x03B9, 0x03B9, 0x03B9, 0x03B9,
    0x0399, 0x0399, 0x0399, 0x0399, 0x1FFE, 0x1FFE, 0x1FFE, 0x03C5, 0x03C5,
    0x03C5, 0x03C5, 0x03C1, 0x03C1, 0x03C5, 0x03C5, 0x03A5, 0x03A5, 0x03A5,
    0x03A5, 0x03A1, 0x00A8, 0x00A8, 0x0060, 0x03C9, 0x03C9, 0x03C9, 0x03C9,
    0x03C9, 0x039F, 0x039F, 0x03A9, 0x03A9, 0x03A9, 0x00B4, 0x2002, 0x2003,
    0x0020, 0x0020, 0x0020, 0x0020, 0x0020, 0x0020, 0x0020, 0x0020, 0x0020,
    0x002D, 0x002D, 0x002D, 0x002D, 0x002D, 0x002D, 0x007C, 0x007C, 0x0027,
    0x0027, 0x002C, 0x0027, 0x0022, 0x0022, 0x002C, 0x002C, 0x0022, 0x002E,
    0x002E, 0x002E, 0x002E, 0x002E, 0x002E, 0x0027, 0x0022, 0x2032, 0x2032,
    0x2032, 0x2035, 0x2035, 0x2035, 0x2035, 0x2035, 0x003C, 0x003E, 0x0021,
    0x0021, 0x002F, 0x005B, 0x005D, 0x003F, 0x003F, 0x003F, 0x0021, 0x0021,
    0x003F, 0x002A, 0x2032, 0x2032, 0x2032, 0x2032, 0x0020, 0x0030, 0x0069,
    0x0034, 0x0035, 0x0036, 0x0037, 0x0038, 0x0039, 0x002B, 0x2212, 0x003D,
    0x0028, 0x0029, 0x006E, 0x0030, 0x0031, 0x0032, 0x0033, 0x0034, 0x0035,
    0x0036, 0x0037, 0x0038, 0x0039, 0x002B, 0x2212, 0x003D, 0x0028, 0x0029,
    0x0061, 0x0065, 0x006F, 0x0078, 0x0259, 0x0068, 0x006B, 0x006C, 0x006D,
    0x006E, 0x0070, 0x0073, 0x0074, 0x0043, 0x0045, 0x0043, 0x0072, 0x0046,
    0x0072, 0x002E, 0x004C, 0x002E, 0x0050, 0x0074, 0x0073, 0x0052, 0x0073,
    0x004B, 0x0052, 0x0057, 0x0049, 0x004C, 0x0053, 0x0056, 0x004E, 0x0044,
    0x0045, 0x0055, 0x0052, 0x0050, 0x0048, 0x0050, 0x0052, 0x0073, 0x0054,
    0x004C, 0x0061, 0x002F, 0x0063, 0x0061, 0x002F, 0x0073, 0x0043, 0x00B0,
    0x0043, 0x0063, 0x002F, 0x006F, 0x0063, 0x002F, 0x0075, 0x0190, 0x00B0,
    0x0046, 0x0067, 0x0048, 0x0078, 0x0048, 0x0068, 0x0127, 0x0049, 0x0049,
    0x004C, 0x006C, 0x004E, 0x004E, 0x006F, 0x0028, 0x0050, 0x0029, 0x0050,
    0x0050, 0x0051, 0x0052, 0x0052, 0x0052, 0x0052, 0x0078, 0x0053, 0x004D,
    0x0054, 0x0045, 0x004C, 0x0054, 0x004D, 0x005A, 0x03A9, 0x005A, 0x004B,
    0x0041, 0x0042, 0x0043, 0x0065, 0x0045, 0x0046, 0x004D, 0x006F, 0x05D0,
    0x05D1, 0x05D2, 0x05D3, 0x0069, 0x0046, 0x0041, 0x0058, 0x03C0, 0x03B3,
    0x0393, 0x03A0, 0x2211, 0x0044, 0x0064, 0x0065, 0x0069, 0x006A, 0x0020,
    0x0031, 0x002F, 0x0037, 0x0020, 0x0031, 0x002F, 0x0039, 0x0020, 0x0031,
    0x002F, 0x0031, 0x0030, 0x0020, 0x0031, 0x002F, 0x0033, 0x0020, 0x0032,
    0x002F, 0x0033, 0x0020, 0x0031, 0x002F, 0x0035, 0x0020, 0x0032, 0x002F,
    0x0035, 0x0020, 0x0033, 0x002F, 0x0035, 0x0020, 0x0034, 0x002F, 0x0035,
    0x0020, 0x0031, 0x002F, 0x0036, 0x0020, 0x0035, 0x002F, 0x0036, 0x0020,
    0x0031, 0x002F, 0x0038, 0x0020, 0x0033, 0x002F, 0x0038, 0x0020, 0x0035,
    0x002F, 0x0038, 0x0020, 0x0037, 0x002F, 0x0038, 0x0020, 0x0031, 0x002F,
    0x0049, 0x0049, 0x0049, 0x0049, 0x0049, 0x0049, 0x0049, 0x0056, 0x0056,
    0x0056, 0x0049, 0x0056, 0x0049, 0x0049, 0x0056, 0x0049, 0x0049, 0x0049,
    0x0049, 0x0058, 0x0058, 0x0058, 0x0049, 0x0058, 0x0049, 0x0049, 0x004C,
    0x0043, 0x0044, 0x004D, 0x0069, 0x0069, 0x0069, 0x0069, 0x0069, 0x0069,
    0x0069, 0x0076, 0x0076, 0x0076, 0x0069, 0x0076, 0x0069, 0x0069, 0x0076,
    0x0069, 0x0069, 0x0069, 0x0069, 0x0078, 0x0078, 0x0078, 0x0069, 0x0078,
    0x0069, 0x0069, 0x006C, 0x0063, 0x0064, 0x006D, 0x0020, 0x0030, 0x002F,
    0x0033, 0x003C, 0x002D, 0x002D, 0x003E, 0x003C, 0x002D, 0x003E, 0x0021,
    0x2190, 0x0021, 0x2192, 0x0021, 0x2194, 0x0021, 0x21D0, 0x0021, 0x21D4,
    0x0021, 0x21D2, 0x0021, 0x2203, 0x0021, 0x2208, 0x0021, 0x220B, 0x002D,
    0x002F, 0x007C, 0x0021, 0x2223, 0x007C, 0x007C, 0x0021, 0x2225, 0x222B,
    0x222B, 0x222B, 0x222B, 0x222B, 0x222E, 0x222E, 0x222E, 0x222E, 0x222E,
    0x0021, 0x223C, 0x0021, 0x2243, 0x0021, 0x2245, 0x0021, 0x2248, 0x0021,
    0x003D, 0x0021, 0x2261, 0x003C, 0x003C, 0x003E, 0x003E, 0x0021, 0x224D,
    0x0021, 0x003C, 0x0021, 0x003E, 0x0021, 0x2264, 0x0021, 0x2265, 0x0021,
    0x2272, 0x0021, 0x2273, 0x0021, 0x2276, 0x0021, 0x2277, 0x0021, 0x227A,
    0x0021, 0x227B, 0x0021, 0x2282, 0x0021, 0x2283, 0x0021, 0x2286, 0x0021,
    0x2287, 0x0021, 0x22A2, 0x0021, 0x22A8, 0x0021, 0x22A9, 0x0021, 0x22AB,
    0x0021, 0x227C, 0x0021, 0x227D, 0x0021, 0x2291, 0x0021, 0x2292, 0x0021,
    0x22B2, 0x0021, 0x22B3, 0x0021, 0x22B4, 0x0021, 0x22B5, 0x3008, 0x3009,
    0x0028, 0x0031, 0x0029, 0x0028, 0x0032, 0x0029, 0x0028, 0x0033, 0x0029,
    0x0028, 0x0034, 0x0029, 0x0028, 0x0035, 0x0029, 0x0028, 0x0036, 0x0029,
    0x0028, 0x0037, 0x0029, 0x0028, 0x0038, 0x0029, 0x0028, 0x0039, 0x0029,
    0x0028, 0x0031, 0x0030, 0x0029, 0x0028, 0x0031, 0x0031, 0x0029, 0x0028,
    0x0031, 0x0032, 0x0029, 0x0028, 0x0031, 0x0033, 0x0029, 0x0028, 0x0031,
    0x0034, 0x0029, 0x0028, 0x0031, 0x0035, 0x0029, 0x0028, 0x0031, 0x0036,
    0x0029, 0x0028, 0x0031, 0x0037, 0x0029, 0x0028, 0x0031, 0x0038, 0x0029,
    0x0028, 0x0031, 0x0039, 0x0029, 0x0028, 0x0032, 0x0030, 0x0029, 0x0028,
    0x0031, 0x0029, 0x0028, 0x0032, 0x0029, 0x0028, 0x0033, 0x0029, 0x0028,
    0x0034, 0x0029, 0x0028, 0x0035, 0x0029, 0x0028, 0x0036, 0x0029, 0x0028,
    0x0037, 0x0029, 0x0028, 0x0038, 0x0029, 0x0028, 0x0039, 0x0029, 0x0028,
    0x0031, 0x0030, 0x0029, 0x0028, 0x0031, 0x0031, 0x0029, 0x0028, 0x0031,
    0x0032, 0x0029, 0x0028, 0x0031, 0x0033, 0x0029, 0x0028, 0x0031, 0x0034,
    0x0029, 0x0028, 0x0031, 0x0035, 0x0029, 0x0028, 0x0031, 0x0036, 0x0029,
    0x0028, 0x0031, 0x0037, 0x0029, 0x0028, 0x0031, 0x0038, 0x0029, 0x0028,
    0x0031, 0x0039, 0x0029, 0x0028, 0x0032, 0x0030, 0x0029, 0x0031, 0x002E,
    0x0032, 0x002E, 0x0033, 0x002E, 0x0034, 0x002E, 0x0035, 0x002E, 0x0036,
    0x002E, 0x0037, 0x002E, 0x0038, 0x002E, 0x0039, 0x002E, 0x0031, 0x0030,
    0x002E, 0x0031, 0x0031, 0x002E, 0x0031, 0x0032, 0x002E, 0x0031, 0x0033,
    0x002E, 0x0031, 0x0034, 0x002E, 0x0031, 0x0035, 0x002E, 0x0031, 0x0036,
    0x002E, 0x0031, 0x0037, 0x002E, 0x0031, 0x0038, 0x002E, 0x0031, 0x0039,
    0x002E, 0x0032, 0x0030, 0x002E, 0x0028, 0x0061, 0x0029, 0x0028, 0x0062,
    0x0029, 0x0028, 0x0063, 0x0029, 0x0028, 0x0064, 0x0029, 0x0028, 0x0065,
    0x0029, 0x0028, 0x0066, 0x0029, 0x0028, 0x0067, 0x0029, 0x0028, 0x0068,
    0x0029, 0x0028, 0x0069, 0x0029, 0x0028, 0x006A, 0x0029, 0x0028, 0x006B,
    0x0029, 0x0028, 0x006C, 0x0029, 0x0028, 0x006D, 0x0029, 0x0028, 0x006E,
    0x0029, 0x0028, 0x006F, 0x0029, 0x0028, 0x0070, 0x0029, 0x0028, 0x0071,
    0x0029, 0x0028, 0x0072, 0x0029, 0x0028, 0x0073, 0x0029, 0x0028, 0x0074,
    0x0029, 0x0028, 0x0075, 0x0029, 0x0028, 0x0076, 0x0029, 0x0028, 0x0077,
    0x0029, 0x0028, 0x0078, 0x0029, 0x0028, 0x0079, 0x0029, 0x0028, 0x007A,
    0x0029, 0x0028, 0x0041, 0x0029, 0x0028, 0x0042, 0x0029, 0x0028, 0x0043,
    0x0029, 0x0028, 0x0044, 0x0029, 0x0028, 0x0045, 0x0029, 0x0028, 0x0046,
    0x0029, 0x0028, 0x0047, 0x0029, 0x0028, 0x0048, 0x0029, 0x0028, 0x0049,
    0x0029, 0x0028, 0x004A, 0x0029, 0x0028, 0x004B, 0x0029, 0x0028, 0x004C,
    0x0029, 0x0028, 0x004D, 0x0029, 0x0028, 0x004E, 0x0029, 0x0028, 0x004F,
    0x0029, 0x0028, 0x0050, 0x0029, 0x0028, 0x0051, 0x0029, 0x0028, 0x0052,
    0x0029, 0x0028, 0x0053, 0x0029, 0x0028, 0x0054, 0x0029, 0x0028, 0x0055,
    0x0029, 0x0028, 0x0056, 0x0029, 0x0028, 0x0057, 0x0029, 0x0028, 0x0058,
    0x0029, 0x0028, 0x0059, 0x0029, 0x0028, 0x005A, 0x0029, 0x0028, 0x0061,
    0x0029, 0x0028, 0x0062, 0x0029, 0x0028, 0x0063, 0x0029, 0x0028, 0x0064,
    0x0029, 0x0028, 0x0065, 0x0029, 0x0028, 0x0066, 0x0029, 0x0028, 0x0067,
    0x0029, 0x0028, 0x0068, 0x0029, 0x0028, 0x0069, 0x0029, 0x0028, 0x006A,
    0x0029, 0x0028, 0x006B, 0x0029, 0x0028, 0x006C, 0x0029, 0x0028, 0x006D,
    0x0029, 0x0028, 0x006E, 0x0029, 0x0028, 0x006F, 0x0029, 0x0028, 0x0070,
    0x0029, 0x0028, 0x0071, 0x0029, 0x0028, 0x0072, 0x0029, 0x0028, 0x0073,
    0x0029, 0x0028, 0x0074, 0x0029, 0x0028, 0x0075, 0x0029, 0x0028, 0x0076,
    0x0029, 0x0028, 0x0077, 0x0029, 0x0028, 0x0078, 0x0029, 0x0028, 0x0079,
    0x0029, 0x0028, 0x007A, 0x0029, 0x0028, 0x0030, 0x0029, 0x0028, 0x0028,
    0x0029, 0x0029, 0x222B, 0x222B, 0x222B, 0x222B, 0x003A, 0x003A, 0x003D,
    0x003D, 0x003D, 0x003D, 0x003D, 0x003D, 0x0021, 0x2ADD, 0x004C, 0x006C,
    0x004C, 0x0050, 0x0052, 0x0061, 0x0074, 0x0048, 0x0068, 0x004B, 0x006B,
    0x005A, 0x007A, 0x004D, 0x0076, 0x0057, 0x0077, 0x0076, 0x0065, 0x006F,
    0x006A, 0x0056, 0x0053, 0x005A, 0x2D61, 0x6BCD, 0x9F9F, 0x4E00, 0x4E28,
    0x4E36, 0x4E3F, 0x4E59, 0x4E85, 0x4E8C, 0x4EA0, 0x4EBA, 0x513F, 0x5165,
    0x516B, 0x5182, 0x5196, 0x51AB, 0x51E0, 0x51F5, 0x5200, 0x529B, 0x52F9,
    0x5315, 0x531A, 0x5338, 0x5341, 0x535C, 0x5369, 0x5382, 0x53B6, 0x53C8,
    0x53E3, 0x56D7, 0x571F, 0x58EB, 0x5902, 0x590A, 0x5915, 0x5927, 0x5973,
    0x5B50, 0x5B80, 0x5BF8, 0x5C0F, 0x5C22, 0x5C38, 0x5C6E, 0x5C71, 0x5DDB,
    0x5DE5, 0x5DF1, 0x5DFE, 0x5E72, 0x5E7A, 0x5E7F, 0x5EF4, 0x5EFE, 0x5F0B,
    0x5F13, 0x5F50, 0x5F61, 0x5F73, 0x5FC3, 0x6208, 0x6236, 0x624B, 0x652F,
    0x6534, 0x6587, 0x6597, 0x65A4, 0x65B9, 0x65E0, 0x65E5, 0x66F0, 0x6708,
    0x6728, 0x6B20, 0x6B62, 0x6B79, 0x6BB3, 0x6BCB, 0x6BD4, 0x6BDB, 0x6C0F,
    0x6C14, 0x6C34, 0x706B, 0x722A, 0x7236, 0x723B, 0x723F, 0x7247, 0x7259,
    0x725B, 0x72AC, 0x7384, 0x7389, 0x74DC, 0x74E6, 0x7518, 0x751F, 0x7528,
    0x7530, 0x758B, 0x7592, 0x7676, 0x767D, 0x76AE, 0x76BF, 0x76EE, 0x77DB,
    0x77E2, 0x77F3, 0x793A, 0x79B8, 0x79BE, 0x7A74, 0x7ACB, 0x7AF9, 0x7C73,
    0x7CF8, 0x7F36, 0x7F51, 0x7F8A, 0x7FBD, 0x8001, 0x800C, 0x8012, 0x8033,
    0x807F, 0x8089, 0x81E3, 0x81EA, 0x81F3, 0x81FC, 0x820C, 0x821B, 0x821F,
    0x826E, 0x8272, 0x8278, 0x864D, 0x866B, 0x8840, 0x884C, 0x8863, 0x897E,
    0x898B, 0x89D2, 0x8A00, 0x8C37, 0x8C46, 0x8C55, 0x8C78, 0x8C9D, 0x8D64,
    0x8D70, 0x8DB3, 0x8EAB, 0x8ECA, 0x8F9B, 0x8FB0, 0x8FB5, 0x9091, 0x9149,
    0x91C6, 0x91CC, 0x91D1, 0x9577, 0x9580, 0x961C, 0x96B6, 0x96B9, 0x96E8,
    0x9751, 0x975E, 0x9762, 0x9769, 0x97CB, 0x97ED, 0x97F3, 0x9801, 0x98A8,
    0x98DB, 0x98DF, 0x9996, 0x9999, 0x99AC, 0x9AA8, 0x9AD8, 0x9ADF, 0x9B25,
    0x9B2F, 0x9B32, 0x9B3C, 0x9B5A, 0x9CE5, 0x9E75, 0x9E7F, 0x9EA5, 0x9EBB,
    0x9EC3, 0x9ECD, 0x9ED1, 0x9EF9, 0x9EFD, 0x9F0E, 0x9F13, 0x9F20, 0x9F3B,
    0x9F4A, 0x9F52, 0x9F8D, 0x9F9C, 0x9FA0, 0x0020, 0x002C, 0x002E, 0x0030,
    0x003C, 0x003E, 0x003C, 0x003C, 0x003E, 0x003E, 0x005B, 0x005D, 0x005B,
    0x005D, 0x005B, 0x005D, 0x0022, 0x0022, 0x3012, 0x5341, 0x5344, 0x5345,
    0x304B, 0x304D, 0x304F, 0x3051, 0x3053, 0x3055, 0x3057, 0x3059, 0x305B,
    0x305D, 0x305F, 0x3061, 0x3064, 0x3066, 0x3068, 0x306F, 0x306F, 0x3072,
    0x3072, 0x3075, 0x3075, 0x3078, 0x3078, 0x307B, 0x307B, 0x3046, 0x309D,
    0x3088, 0x308A, 0x30AB, 0x30AD, 0x30AF, 0x30B1, 0x30B3, 0x30B5, 0x30B7,
    0x30B9, 0x30BB, 0x30BD, 0x30BF, 0x30C1, 0x30C4, 0x30C6, 0x30C8, 0x30CF,
    0x30CF, 0x30D2, 0x30D2, 0x30D5, 0x30D5, 0x30D8, 0x30D8, 0x30DB, 0x30DB,
    0x30A6, 0x30EF, 0x30F0, 0x30F1, 0x30F2, 0x30FD, 0x30B3, 0x30C8, 0x1100,
    0x1101, 0x11AA, 0x1102, 0x11AC, 0x11AD, 0x1103, 0x1104, 0x1105, 0x11B0,
    0x11B1, 0x11B2, 0x11B3, 0x11B4, 0x11B5, 0x111A, 0x1106, 0x1107, 0x1108,
    0x1121, 0x1109, 0x110A, 0x110B, 0x110C, 0x110D, 0x110E, 0x110F, 0x1110,
    0x1111, 0x1112, 0x1161, 0x1162, 0x1163, 0x1164, 0x1165, 0x1166, 0x1167,
    0x1168, 0x1169, 0x116A, 0x116B, 0x116C, 0x116D, 0x116E, 0x116F, 0x1170,
    0x1171, 0x1172, 0x1173, 0x1174, 0x1175, 0x1160, 0x1114, 0x1115, 0x11C7,
    0x11C8, 0x11CC, 0x11CE, 0x11D3, 0x11D7, 0x11D9, 0x111C, 0x11DD, 0x11DF,
    0x111D, 0x111E, 0x1120, 0x1122, 0x1123, 0x1127, 0x1129, 0x112B, 0x112C,
    0x112D, 0x112E, 0x112F, 0x1132, 0x1136, 0x1140, 0x1147, 0x114C, 0x11F1,
    0x11F2, 0x1157, 0x1158, 0x1159, 0x1184, 0x1185, 0x1188, 0x1191, 0x1192,
    0x1194, 0x119E, 0x11A1, 0x4E00, 0x4E8C, 0x4E09, 0x56DB, 0x4E0A, 0x4E2D,
    0x4E0B, 0x7532, 0x4E59, 0x4E19, 0x4E01, 0x5929, 0x5730, 0x4EBA, 0x0028,
    0x1100, 0x0029, 0x0028, 0x1102, 0x0029, 0x0028, 0x1103, 0x0029, 0x0028,
    0x1105, 0x0029, 0x0028, 0x1106, 0x0029, 0x0028, 0x1107, 0x0029, 0x0028,
    0x1109, 0x0029, 0x0028, 0x110B, 0x0029, 0x0028, 0x110C, 0x0029, 0x0028,
    0x110E, 0x0029, 0x0028, 0x110F, 0x0029, 0x0028, 0x1110, 0x0029, 0x0028,
    0x1111, 0x0029, 0x0028, 0x1112, 0x0029, 0x0028, 0x1100, 0x1161, 0x0029,
    0x0028, 0x1102, 0x1161, 0x0029, 0x0028, 0x1103, 0x1161, 0x0029, 0x0028,
    0x1105, 0x1161, 0x0029, 0x0028, 0x1106, 0x1161, 0x0029, 0x0028, 0x1107,
    0x1161, 0x0029, 0x0028, 0x1109, 0x1161, 0x0029, 0x0028, 0x110B, 0x1161,
    0x0029, 0x0028, 0x110C, 0x1161, 0x0029, 0x0028, 0x110E, 0x1161, 0x0029,
    0x0028, 0x110F, 0x1161, 0x0029, 0x0028, 0x1110, 0x1161, 0x0029, 0x0028,
    0x1111, 0x1161, 0x0029, 0x0028, 0x1112, 0x1161, 0x0029, 0x0028, 0x110C,
    0x116E, 0x0029, 0x0028, 0x110B, 0x1169, 0x110C, 0x1165, 0x11AB, 0x0029,
    0x0028, 0x110B, 0x1169, 0x1112, 0x116E, 0x0029, 0x0028, 0x4E00, 0x0029,
    0x0028, 0x4E8C, 0x0029, 0x0028, 0x4E09, 0x0029, 0x0028, 0x56DB, 0x0029,
    0x0028, 0x4E94, 0x0029, 0x0028, 0x516D, 0x0029, 0x0028, 0x4E03, 0x0029,
    0x0028, 0x516B, 0x0029, 0x0028, 0x4E5D, 0x0029, 0x0028, 0x5341, 0x0029,
    0x0028, 0x6708, 0x0029, 0x0028, 0x706B, 0x0029, 0x0028, 0x6C34, 0x0029,
    0x0028, 0x6728, 0x0029, 0x0028, 0x91D1, 0x0029, 0x0028, 0x571F, 0x0029,
    0x0028, 0x65E5, 0x0029, 0x0028, 0x682A, 0x0029, 0x0028, 0x6709, 0x0029,
    0x0028, 0x793E, 0x0029, 0x0028, 0x540D, 0x0029, 0x0028, 0x7279, 0x0029,
    0x0028, 0x8CA1, 0x0029, 0x0028, 0x795D, 0x0029, 0x0028, 0x52B4, 0x0029,
    0x0028, 0x4EE3, 0x0029, 0x0028, 0x547C, 0x0029, 0x0028, 0x5B66, 0x0029,
    0x0028, 0x76E3, 0x0029, 0x0028, 0x4F01, 0x0029, 0x0028, 0x8CC7, 0x0029,
    0x0028, 0x5354, 0x0029, 0x0028, 0x796D, 0x0029, 0x0028, 0x4F11, 0x0029,
    0x0028, 0x81EA, 0x0029, 0x0028, 0x81F3, 0x0029, 0x0028, 0x554F, 0x0029,
    0x0028, 0x5E7C, 0x0029, 0x0028, 0x6587, 0x0029, 0x0028, 0x7B8F, 0x0029,
    0x0050, 0x0054, 0x0045, 0x0028, 0x0032, 0x0031, 0x0029, 0x0028, 0x0032,
    0x0032, 0x0029, 0x0028, 0x0032, 0x0033, 0x0029, 0x0028, 0x0032, 0x0034,
    0x0029, 0x0028, 0x0032, 0x0035, 0x0029, 0x0028, 0x0032, 0x0036, 0x0029,
    0x0028, 0x0032, 0x0037, 0x0029, 0x0028, 0x0032, 0x0038, 0x0029, 0x0028,
    0x0032, 0x0039, 0x0029, 0x0028, 0x0033, 0x0030, 0x0029, 0x0028, 0x0033,
    0x0031, 0x0029, 0x0028, 0x0033, 0x0032, 0x0029, 0x0028, 0x0033, 0x0033,
    0x0029, 0x0028, 0x0033, 0x0034, 0x0029, 0x0028, 0x0033, 0x0035, 0x0029,
    0x0028, 0x1100, 0x0029, 0x0028, 0x1102, 0x0029, 0x0028, 0x1103, 0x0029,
    0x0028, 0x1105, 0x0029, 0x0028, 0x1106, 0x0029, 0x0028, 0x1107, 0x0029,
    0x0028, 0x1109, 0x0029, 0x0028, 0x110B, 0x0029, 0x0028, 0x110C, 0x0029,
    0x0028, 0x110E, 0x0029, 0x0028, 0x110F, 0x0029, 0x0028, 0x1110, 0x0029,
    0x0028, 0x1111, 0x0029, 0x0028, 0x1112, 0x0029, 0x0028, 0x1100, 0x1161,
    0x0029, 0x0028, 0x1102, 0x1161, 0x0029, 0x0028, 0x1103, 0x1161, 0x0029,
    0x0028, 0x1105, 0x1161, 0x0029, 0x0028, 0x1106, 0x1161, 0x0029, 0x0028,
    0x1107, 0x1161, 0x0029, 0x0028, 0x1109, 0x1161, 0x0029, 0x0028, 0x110B,
    0x1161, 0x0029, 0x0028, 0x110C, 0x1161, 0x0029, 0x0028, 0x110E, 0x1161,
    0x0029, 0x0028, 0x110F, 0x1161, 0x0029, 0x0028, 0x1110, 0x1161, 0x0029,
    0x0028, 0x1111, 0x1161, 0x0029, 0x0028, 0x1112, 0x1161, 0x0029, 0x0028,
    0x110E, 0x1161, 0x11B7, 0x1100, 0x1169, 0x0029, 0x0028, 0x110C, 0x116E,
    0x110B, 0x1174, 0x0029, 0x0028, 0x110B, 0x116E, 0x0029, 0x0028, 0x4E00,
    0x0029, 0x0028, 0x4E8C, 0x0029, 0x0028, 0x4E09, 0x0029, 0x0028, 0x56DB,
    0x0029, 0x0028, 0x4E94, 0x0029, 0x0028, 0x516D, 0x0029, 0x0028, 0x4E03,
    0x0029, 0x0028, 0x516B, 0x0029, 0x0028, 0x4E5D, 0x0029, 0x0028, 0x5341,
    0x0029, 0x0028, 0x6708, 0x0029, 0x0028, 0x706B, 0x0029, 0x0028, 0x6C34,
    0x0029, 0x0028, 0x6728, 0x0029, 0x0028, 0x91D1, 0x0029, 0x0028, 0x571F,
    0x0029, 0x0028, 0x65E5, 0x0029, 0x0028, 0x682A, 0x0029, 0x0028, 0x6709,
    0x0029, 0x0028, 0x793E, 0x0029, 0x0028, 0x540D, 0x0029, 0x0028, 0x7279,
    0x0029, 0x0028, 0x8CA1, 0x0029, 0x0028, 0x795D, 0x0029, 0x0028, 0x52B4,
    0x0029, 0x0028, 0x79D8, 0x0029, 0x0028, 0x7537, 0x0029, 0x0028, 0x5973,
    0x0029, 0x0028, 0x9069, 0x0029, 0x0028, 0x512A, 0x0029, 0x0028, 0x5370,
    0x0029, 0x0028, 0x6CE8, 0x0029, 0x0028, 0x9805, 0x0029, 0x0028, 0x4F11,
    0x0029, 0x0028, 0x5199, 0x0029, 0x0028, 0x6B63, 0x0029, 0x0028, 0x4E0A,
    0x0029, 0x0028, 0x4E2D, 0x0029, 0x0028, 0x4E0B, 0x0029, 0x0028, 0x5DE6,
    0x0029, 0x0028, 0x53F3, 0x0029, 0x0028, 0x533B, 0x0029, 0x0028, 0x5B97,
    0x0029, 0x0028, 0x5B66, 0x0029, 0x0028, 0x76E3, 0x0029, 0x0028, 0x4F01,
    0x0029, 0x0028, 0x8CC7, 0x0029, 0x0028, 0x5354, 0x0029, 0x0028, 0x591C,
    0x0029, 0x0028, 0x0033, 0x0036, 0x0029, 0x0028, 0x0033, 0x0037, 0x0029,
    0x0028, 0x0033, 0x0038, 0x0029, 0x0028, 0x0033, 0x0039, 0x0029, 0x0028,
    0x0034, 0x0030, 0x0029, 0x0028, 0x0034, 0x0031, 0x0029, 0x0028, 0x0034,
    0x0032, 0x0029, 0x0028, 0x0034, 0x0033, 0x0029, 0x0028, 0x0034, 0x0034,
    0x0029, 0x0028, 0x0034, 0x0035, 0x0029, 0x0028, 0x0034, 0x0036, 0x0029,
    0x0028, 0x0034, 0x0037, 0x0029, 0x0028, 0x0034, 0x0038, 0x0029, 0x0028,
    0x0034, 0x0039, 0x0029, 0x0028, 0x0035, 0x0030, 0x0029, 0x0031, 0x6708,
    0x0032, 0x6708, 0x0033, 0x6708, 0x0034, 0x6708, 0x0035, 0x6708, 0x0036,
    0x6708, 0x0037, 0x6708, 0x0038, 0x6708, 0x0039, 0x6708, 0x0031, 0x0030,
    0x6708, 0x0031, 0x0031, 0x6708, 0x0031, 0x0032, 0x6708, 0x0048, 0x0067,
    0x0065, 0x0072, 0x0067, 0x0065, 0x0056, 0x004C, 0x0054, 0x0044, 0x0028,
    0x30A2, 0x0029, 0x0028, 0x30A4, 0x0029, 0x0028, 0x30A6, 0x0029, 0x0028,
    0x30A8, 0x0029, 0x0028, 0x30AA, 0x0029, 0x0028, 0x30AB, 0x0029, 0x0028,
    0x30AD, 0x0029, 0x0028, 0x30AF, 0x0029, 0x0028, 0x30B1, 0x0029, 0x0028,
    0x30B3, 0x0029, 0x0028, 0x30B5, 0x0029, 0x0028, 0x30B7, 0x0029, 0x0028,
    0x30B9, 0x0029, 0x0028, 0x30BB, 0x0029, 0x0028, 0x30BD, 0x0029, 0x0028,
    0x30BF, 0x0029, 0x0028, 0x30C1, 0x0029, 0x0028, 0x30C4, 0x0029, 0x0028,
    0x30C6, 0x0029, 0x0028, 0x30C8, 0x0029, 0x0028, 0x30CA, 0x0029, 0x0028,
    0x30CB, 0x0029, 0x0028, 0x30CC, 0x0029, 0x0028, 0x30CD, 0x0029, 0x0028,
    0x30CE, 0x0029, 0x0028, 0x30CF, 0x0029, 0x0028, 0x30D2, 0x0029, 0x0028,
    0x30D5, 0x0029, 0x0028, 0x30D8, 0x0029, 0x0028, 0x30DB, 0x0029, 0x0028,
    0x30DE, 0x0029, 0x0028, 0x30DF, 0x0029, 0x0028, 0x30E0, 0x0029, 0x0028,
    0x30E1, 0x0029, 0x0028, 0x30E2, 0x0029, 0x0028, 0x30E4, 0x0029, 0x0028,
    0x30E6, 0x0029, 0x0028, 0x30E8, 0x0029, 0x0028, 0x30E9, 0x0029, 0x0028,
    0x30EA, 0x0029, 0x0028, 0x30EB, 0x0029, 0x0028, 0x30EC, 0x0029, 0x0028,
    0x30ED, 0x0029, 0x0028, 0x30EF, 0x0029, 0x0028, 0x30F0, 0x0029, 0x0028,
    0x30F1, 0x0029, 0x0028, 0x30F2, 0x0029, 0x4EE4, 0x548C, 0x30A2, 0x30D1,
    0x30FC, 0x30C8, 0x30A2, 0x30EB, 0x30D5, 0x30A1, 0x30A2, 0x30F3, 0x30DA,
    0x30A2, 0x30A2, 0x30FC, 0x30EB, 0x30A4, 0x30CB, 0x30F3, 0x30B0, 0x30A4,
    0x30F3, 0x30C1, 0x30A6, 0x30A9, 0x30F3, 0x30A8, 0x30B9, 0x30AF, 0x30FC,
    0x30C9, 0x30A8, 0x30FC, 0x30AB, 0x30FC, 0x30AA, 0x30F3, 0x30B9, 0x30AA,
    0x30FC, 0x30E0, 0x30AB, 0x30A4, 0x30EA, 0x30AB, 0x30E9, 0x30C3, 0x30C8,
    0x30AB, 0x30ED, 0x30EA, 0x30FC, 0x30AC, 0x30ED, 0x30F3, 0x30AC, 0x30F3,
    0x30DE, 0x30AE, 0x30AC, 0x30AE, 0x30CB, 0x30FC, 0x30AD, 0x30E5, 0x30EA,
    0x30FC, 0x30AE, 0x30EB, 0x30C0, 0x30FC, 0x30AD, 0x30ED, 0x30AD, 0x30ED,
    0x30B0, 0x30E9, 0x30E0, 0x30AD, 0x30ED, 0x30E1, 0x30FC, 0x30C8, 0x30EB,
    0x30AD, 0x30ED, 0x30EF, 0x30C3, 0x30C8, 0x30B0, 0x30E9, 0x30E0, 0x30B0,
    0x30E9, 0x30E0, 0x30C8, 0x30F3, 0x30AF, 0x30EB, 0x30BC, 0x30A4, 0x30ED,
    0x30AF, 0x30ED, 0x30FC, 0x30CD, 0x30B1, 0x30FC, 0x30B9, 0x30B3, 0x30EB,
    0x30CA, 0x30B3, 0x30FC, 0x30DD, 0x30B5, 0x30A4, 0x30AF, 0x30EB, 0x30B5,
    0x30F3, 0x30C1, 0x30FC, 0x30E0, 0x30B7, 0x30EA, 0x30F3, 0x30B0, 0x30BB,
    0x30F3, 0x30C1, 0x30BB, 0x30F3, 0x30C8, 0x30C0, 0x30FC, 0x30B9, 0x30C7,
    0x30B7, 0x30C9, 0x30EB, 0x30C8, 0x30F3, 0x30CA, 0x30CE, 0x30CE, 0x30C3,
    0x30C8, 0x30CF, 0x30A4, 0x30C4, 0x30D1, 0x30FC, 0x30BB, 0x30F3, 0x30C8,
    0x30D1, 0x30FC, 0x30C4, 0x30D0, 0x30FC, 0x30EC, 0x30EB, 0x30D4, 0x30A2,
    0x30B9, 0x30C8, 0x30EB, 0x30D4, 0x30AF, 0x30EB, 0x30D4, 0x30B3, 0x30D3,
    0x30EB, 0x30D5, 0x30A1, 0x30E9, 0x30C3, 0x30C9, 0x30D5, 0x30A3, 0x30FC,
    0x30C8, 0x30D6, 0x30C3, 0x30B7, 0x30A7, 0x30EB, 0x30D5, 0x30E9, 0x30F3,
    0x30D8, 0x30AF, 0x30BF, 0x30FC, 0x30EB, 0x30DA, 0x30BD, 0x30DA, 0x30CB,
    0x30D2, 0x30D8, 0x30EB, 0x30C4, 0x30DA, 0x30F3, 0x30B9, 0x30DA, 0x30FC,
    0x30B8, 0x30D9, 0x30FC, 0x30BF, 0x30DD, 0x30A4, 0x30F3, 0x30C8, 0x30DC,
    0x30EB, 0x30C8, 0x30DB, 0x30F3, 0x30DD, 0x30F3, 0x30C9, 0x30DB, 0x30FC,
    0x30EB, 0x30DB, 0x30FC, 0x30F3, 0x30DE, 0x30A4, 0x30AF, 0x30ED, 0x30DE,
    0x30A4, 0x30EB, 0x30DE, 0x30C3, 0x30CF, 0x30DE, 0x30EB, 0x30AF, 0x30DE,
    0x30F3, 0x30B7, 0x30E7, 0x30F3, 0x30DF, 0x30AF, 0x30ED, 0x30F3, 0x30DF,
    0x30EA, 0x30DF, 0x30EA, 0x30D0, 0x30FC, 0x30EB, 0x30E1, 0x30AC, 0x30E1,
    0x30AC, 0x30C8, 0x30F3, 0x30E1, 0x30FC, 0x30C8, 0x30EB, 0x30E4, 0x30FC,
    0x30C9, 0x30E4, 0x30FC, 0x30EB, 0x30E6, 0x30A2, 0x30F3, 0x30EA, 0x30C3,
    0x30C8, 0x30EB, 0x30EA, 0x30E9, 0x30EB, 0x30D4, 0x30FC, 0x30EB, 0x30FC,
    0x30D6, 0x30EB, 0x30EC, 0x30E0, 0x30EC, 0x30F3, 0x30C8, 0x30B2, 0x30F3,
    0x30EF, 0x30C3, 0x30C8, 0x0030, 0x70B9, 0x0031, 0x70B9, 0x0032, 0x70B9,
    0x0033, 0x70B9, 0x0034, 0x70B9, 0x0035, 0x70B9, 0x0036, 0x70B9, 0x0037,
    0x70B9, 0x0038, 0x70B9, 0x0039, 0x70B9, 0x0031, 0x0030, 0x70B9, 0x0031,
    0x0031, 0x70B9, 0x0031, 0x0032, 0x70B9, 0x0031, 0x0033, 0x70B9, 0x0031,
    0x0034, 0x70B9, 0x0031, 0x0035, 0x70B9, 0x0031, 0x0036, 0x70B9, 0x0031,
    0x0037, 0x70B9, 0x0031, 0x0038, 0x70B9, 0x0031, 0x0039, 0x70B9, 0x0032,
    0x0030, 0x70B9, 0x0032, 0x0031, 0x70B9, 0x0032, 0x0032, 0x70B9, 0x0032,
    0x0033, 0x70B9, 0x0032, 0x0034, 0x70B9, 0x0068, 0x0050, 0x0061, 0x0064,
    0x0061, 0x0041, 0x0055, 0x0062, 0x0061, 0x0072, 0x006F, 0x0056, 0x0070,
    0x0063, 0x0064, 0x006D, 0x0064, 0x006D, 0x00B2, 0x0064, 0x006D, 0x00B3,
    0x0049, 0x0055, 0x5E73, 0x6210, 0x662D, 0x548C, 0x5927, 0x6B63, 0x660E,
    0x6CBB, 0x682A, 0x5F0F, 0x4F1A, 0x793E, 0x0070, 0x0041, 0x006E, 0x0041,
    0x03BC, 0x0041, 0x006D, 0x0041, 0x006B, 0x0041, 0x004B, 0x0042, 0x004D,
    0x0042, 0x0047, 0x0042, 0x0063, 0x0061, 0x006C, 0x006B, 0x0063, 0x0061,
    0x006C, 0x0070, 0x0046, 0x006E, 0x0046, 0x03BC, 0x0046, 0x03BC, 0x0067,
    0x006D, 0x0067, 0x006B, 0x0067, 0x0048, 0x007A, 0x006B, 0x0048, 0x007A,
    0x004D, 0x0048, 0x007A, 0x0047, 0x0048, 0x007A, 0x0054, 0x0048, 0x007A,
    0x03BC, 0x2113, 0x006D, 0x2113, 0x0064, 0x2113, 0x006B, 0x2113, 0x0066,
    0x006D, 0x006E, 0x006D, 0x03BC, 0x006D, 0x006D, 0x006D, 0x0063, 0x006D,
    0x006B, 0x006D, 0x006D, 0x006D, 0x00B2, 0x0063, 0x006D, 0x00B2, 0x006D,
    0x00B2, 0x006B, 0x006D, 0x00B2, 0x006D, 0x006D, 0x00B3, 0x0063, 0x006D,
    0x00B3, 0x006D, 0x00B3, 0x006B, 0x006D, 0x00B3, 0x006D, 0x002F, 0x0073,
    0x006D, 0x2215, 0x0073, 0x00B2, 0x0050, 0x0061, 0x006B, 0x0050, 0x0061,
    0x004D, 0x0050, 0x0061, 0x0047, 0x0050, 0x0061, 0x0072, 0x0061, 0x0064,
    0x0072, 0x0061, 0x0064, 0x002F, 0x0073, 0x0072, 0x0061, 0x0064, 0x2215,
    0x0073, 0x00B2, 0x0070, 0x0073, 0x006E, 0x0073, 0x03BC, 0x0073, 0x006D,
    0x0073, 0x0070, 0x0056, 0x006E, 0x0056, 0x03BC, 0x0056, 0x006D, 0x0056,
    0x006B, 0x0056, 0x004D, 0x0056, 0x0070, 0x0057, 0x006E, 0x0057, 0x03BC,
    0x0057, 0x006D, 0x0057, 0x006B, 0x0057, 0x004D, 0x0057, 0x006B, 0x03A9,
    0x004D, 0x03A9, 0x0061, 0x002E, 0x006D, 0x002E, 0x0042, 0x0071, 0x0063,
    0x0063, 0x0063, 0x0064, 0x0043, 0x002F, 0x006B, 0x0067, 0x0043, 0x006F,
    0x002E, 0x0064, 0x0042, 0x0047, 0x0079, 0x0068, 0x0061, 0x0048, 0x0050,
    0x0069, 0x006E, 0x004B, 0x004B, 0x004B, 0x004D, 0x006B, 0x0074, 0x006C,
    0x006D, 0x006C, 0x006E, 0x006C, 0x006F, 0x0067, 0x006C, 0x0078, 0x006D,
    0x0062, 0x006D, 0x0069, 0x006C, 0x006D, 0x006F, 0x006C, 0x0070, 0x0048,
    0x0070, 0x002E, 0x006D, 0x002E, 0x0050, 0x0050, 0x004D, 0x0050, 0x0052,
    0x0073, 0x0072, 0x0053, 0x0076, 0x0057, 0x0062, 0x0056, 0x002F, 0x006D,
    0x0041, 0x002F, 0x006D, 0x0031, 0x65E5, 0x0032, 0x65E5, 0x0033, 0x65E5,
    0x0034, 0x65E5, 0x0035, 0x65E5, 0x0036, 0x65E5, 0x0037, 0x65E5, 0x0038,
    0x65E5, 0x0039, 0x65E5, 0x0031, 0x0030, 0x65E5, 0x0031, 0x0031, 0x65E5,
    0x0031, 0x0032, 0x65E5, 0x0031, 0x0033, 0x65E5, 0x0031, 0x0034, 0x65E5,
    0x0031, 0x0035, 0x65E5, 0x0031, 0x0036, 0x65E5, 0x0031, 0x0037, 0x65E5,
    0x0031, 0x0038, 0x65E5, 0x0031, 0x0039, 0x65E5, 0x0032, 0x0030, 0x65E5,
    0x0032, 0x0031, 0x65E5, 0x0032, 0x0032, 0x65E5, 0x0032, 0x0033, 0x65E5,
    0x0032, 0x0034, 0x65E5, 0x0032, 0x0035, 0x65E5, 0x0032, 0x0036, 0x65E5,
    0x0032, 0x0037, 0x65E5, 0x0032, 0x0038, 0x65E5, 0x0032, 0x0039, 0x65E5,
    0x0033, 0x0030, 0x65E5, 0x0033, 0x0031, 0x65E5, 0x0067, 0x0061, 0x006C,
    0x044A, 0x044C, 0x0046, 0x0053, 0x0041, 0x0041, 0x0061, 0x0061, 0x0041,
    0x004F, 0x0061, 0x006F, 0x0041, 0x0055, 0x0061, 0x0075, 0x0041, 0x0056,
    0x0061, 0x0076, 0x0041, 0x0056, 0x0061, 0x0076, 0x0041, 0x0059, 0x0061,
    0x0079, 0x004B, 0x006B, 0x004B, 0x006B, 0x004B, 0x006B, 0x004C, 0x006C,
    0x004C, 0x006C, 0x004F, 0x006F, 0x004F, 0x006F, 0x004F, 0x004F, 0x006F,
    0x006F, 0x0050, 0x0070, 0x0050, 0x0070, 0x0050, 0x0070, 0x0051, 0x0071,
    0x0051, 0x0071, 0x0056, 0x0076, 0x0056, 0x0059, 0x0076, 0x0079, 0x0054,
    0x0048, 0x0074, 0x0068, 0x0054, 0x0048, 0x0074, 0x0068, 0xA76F, 0x0064,
    0x006C, 0x006D, 0x006E, 0x0072, 0x0052, 0x0074, 0x0044, 0x0064, 0x0046,
    0x0066, 0x0054, 0x0074, 0x004E, 0x006E, 0x0043, 0x0063, 0x0047, 0x0067,
    0x004B, 0x006B, 0x004E, 0x006E, 0x0052, 0x0072, 0x0053, 0x0073, 0x0048,
    0x0053, 0x0043, 0x0046, 0x0051, 0x0126, 0x0153, 0xA727, 0xAB37, 0x026B,
    0xAB52, 0x028D, 0x8C48, 0x66F4, 0x8ECA, 0x8CC8, 0x6ED1, 0x4E32, 0x53E5,
    0x9F9C, 0x9F9C, 0x5951, 0x91D1, 0x5587, 0x5948, 0x61F6, 0x7669, 0x7F85,
    0x863F, 0x87BA, 0x88F8, 0x908F, 0x6A02, 0x6D1B, 0x70D9, 0x73DE, 0x843D,
    0x916A, 0x99F1, 0x4E82, 0x5375, 0x6B04, 0x721B, 0x862D, 0x9E1E, 0x5D50,
    0x6FEB, 0x85CD, 0x8964, 0x62C9, 0x81D8, 0x881F, 0x5ECA, 0x6717, 0x6D6A,
    0x72FC, 0x90CE, 0x4F86, 0x51B7, 0x52DE, 0x64C4, 0x6AD3, 0x7210, 0x76E7,
    0x8001, 0x8606, 0x865C, 0x8DEF, 0x9732, 0x9B6F, 0x9DFA, 0x788C, 0x797F,
    0x7DA0, 0x83C9, 0x9304, 0x9E7F, 0x8AD6, 0x58DF, 0x5F04, 0x7C60, 0x807E,
    0x7262, 0x78CA, 0x8CC2, 0x96F7, 0x58D8, 0x5C62, 0x6A13, 0x6DDA, 0x6F0F,
    0x7D2F, 0x7E37, 0x964B, 0x52D2, 0x808B, 0x51DC, 0x51CC, 0x7A1C, 0x7DBE,
    0x83F1, 0x9675, 0x8B80, 0x62CF, 0x6A02, 0x8AFE, 0x4E39, 0x5BE7, 0x6012,
    0x7387, 0x7570, 0x5317, 0x78FB, 0x4FBF, 0x5FA9, 0x4E0D, 0x6CCC, 0x6578,
    0x7D22, 0x53C3, 0x585E, 0x7701, 0x8449, 0x8AAA, 0x6BBA, 0x8FB0, 0x6C88,
    0x62FE, 0x82E5, 0x63A0, 0x7565, 0x4EAE, 0x5169, 0x51C9, 0x6881, 0x7CE7,
    0x826F, 0x8AD2, 0x91CF, 0x52F5, 0x5442, 0x5973, 0x5EEC, 0x65C5, 0x6FFE,
    0x792A, 0x95AD, 0x9A6A, 0x9E97, 0x9ECE, 0x529B, 0x66C6, 0x6B77, 0x8F62,
    0x5E74, 0x6190, 0x6200, 0x649A, 0x6F23, 0x7149, 0x7489, 0x79CA, 0x7DF4,
    0x806F, 0x8F26, 0x84EE, 0x9023, 0x934A, 0x5217, 0x52A3, 0x54BD, 0x70C8,
    0x88C2, 0x8AAA, 0x5EC9, 0x5FF5, 0x637B, 0x6BAE, 0x7C3E, 0x7375, 0x4EE4,
    0x56F9, 0x5BE7, 0x5DBA, 0x601C, 0x73B2, 0x7469, 0x7F9A, 0x8046, 0x9234,
    0x96F6, 0x9748, 0x9818, 0x4F8B, 0x79AE, 0x91B4, 0x96B8, 0x60E1, 0x4E86,
    0x50DA, 0x5BEE, 0x5C3F, 0x6599, 0x6A02, 0x71CE, 0x7642, 0x84FC, 0x907C,
    0x9F8D, 0x6688, 0x962E, 0x5289, 0x677B, 0x67F3, 0x6D41, 0x6E9C, 0x7409,
    0x7559, 0x786B, 0x7D10, 0x985E, 0x516D, 0x622E, 0x9678, 0x502B, 0x5D19,
    0x6DEA, 0x8F2A, 0x5F8B, 0x6144, 0x6817, 0x7387, 0x9686, 0x5229, 0x540F,
    0x5C65, 0x6613, 0x674E, 0x68A8, 0x6CE5, 0x7406, 0x75E2, 0x7F79, 0x88CF,
    0x88E1, 0x91CC, 0x96E2, 0x533F, 0x6EBA, 0x541D, 0x71D0, 0x7498, 0x85FA,
    0x96A3, 0x9C57, 0x9E9F, 0x6797, 0x6DCB, 0x81E8, 0x7ACB, 0x7B20, 0x7C92,
    0x72C0, 0x7099, 0x8B58, 0x4EC0, 0x8336, 0x523A, 0x5207, 0x5EA6, 0x62D3,
    0x7CD6, 0x5B85, 0x6D1E, 0x66B4, 0x8F3B, 0x884C, 0x964D, 0x898B, 0x5ED3,
    0x5140, 0x55C0, 0x585A, 0x6674, 0x51DE, 0x732A, 0x76CA, 0x793C, 0x795E,
    0x7965, 0x798F, 0x9756, 0x7CBE, 0x7FBD, 0x8612, 0x8AF8, 0x9038, 0x90FD,
    0x98EF, 0x98FC, 0x9928, 0x9DB4, 0x90DE, 0x96B7, 0x4FAE, 0x50E7, 0x514D,
    0x52C9, 0x52E4, 0x5351, 0x559D, 0x5606, 0x5668, 0x5840, 0x58A8, 0x5C64,
    0x5C6E, 0x6094, 0x6168, 0x618E, 0x61F2, 0x654F, 0x65E2, 0x6691, 0x6885,
    0x6D77, 0x6E1A, 0x6F22, 0x716E, 0x722B, 0x7422, 0x7891, 0x793E, 0x7949,
    0x7948, 0x7950, 0x7956, 0x795D, 0x798D, 0x798E, 0x7A40, 0x7A81, 0x7BC0,
    0x7DF4, 0x7E09, 0x7E41, 0x7F72, 0x8005, 0x81ED, 0x8279, 0x8279, 0x8457,
    0x8910, 0x8996, 0x8B01, 0x8B39, 0x8CD3, 0x8D08, 0x8FB6, 0x9038, 0x96E3,
    0x97FF, 0x983B, 0x6075, 0x8218, 0x4E26, 0x51B5, 0x5168, 0x4F80, 0x5145,
    0x5180, 0x52C7, 0x52FA, 0x559D, 0x5555, 0x5599, 0x55E2, 0x585A, 0x58B3,
    0x5944, 0x5954, 0x5A62, 0x5B28, 0x5ED2, 0x5ED9, 0x5F69, 0x5FAD, 0x60D8,
    0x614E, 0x6108, 0x618E, 0x6160, 0x61F2, 0x6234, 0x63C4, 0x641C, 0x6452,
    0x6556, 0x6674, 0x6717, 0x671B, 0x6756, 0x6B79, 0x6BBA, 0x6D41, 0x6EDB,
    0x6ECB, 0x6F22, 0x701E, 0x716E, 0x77A7, 0x7235, 0x72AF, 0x732A, 0x7471,
    0x7506, 0x753B, 0x761D, 0x761F, 0x76CA, 0x76DB, 0x76F4, 0x774A, 0x7740,
    0x78CC, 0x7AB1, 0x7BC0, 0x7C7B, 0x7D5B, 0x7DF4, 0x7F3E, 0x8005, 0x8352,
    0x83EF, 0x8779, 0x8941, 0x8986, 0x8996, 0x8ABF, 0x8AF8, 0x8ACB, 0x8B01,
    0x8AFE, 0x8AED, 0x8B39, 0x8B8A, 0x8D08, 0x8F38, 0x9072, 0x9199, 0x9276,
    0x967C, 0x96E3, 0x9756, 0x97DB, 0x97FF, 0x980B, 0x983B, 0x9B12, 0x9F9C,
    0x3B9D, 0x4018, 0x4039, 0x9F43, 0x9F8E, 0x0066, 0x0066, 0x0066, 0x0069,
    0x0066, 0x006C, 0x0066, 0x0066, 0x0069, 0x0066, 0x0066, 0x006C, 0x0073,
    0x0074, 0x0073, 0x0074, 0x0574, 0x0576, 0x0574, 0x0565, 0x0574, 0x056B,
    0x057E, 0x0576, 0x0574, 0x056D, 0x05D9, 0x05F2, 0x05E2, 0x05D0, 0x05D3,
    0x05D4, 0x05DB, 0x05DC, 0x05DD, 0x05E8, 0x05EA, 0x002B, 0x05E9, 0x05E9,
    0x05E9, 0x05E9, 0x05D0, 0x05D0, 0x05D0, 0x05D1, 0x05D2, 0x05D3, 0x05D4,
    0x05D5, 0x05D6, 0x05D8, 0x05D9, 0x05DA, 0x05DB, 0x05DC, 0x05DE, 0x05E0,
    0x05E1, 0x05E3, 0x05E4, 0x05E6, 0x05E7, 0x05E8, 0x05E9, 0x05EA, 0x05D5,
    0x05D1, 0x05DB, 0x05E4, 0x05D0, 0x05DC, 0x0671, 0x0671, 0x067B, 0x067B,
    0x067B, 0x067B, 0x067E, 0x067E, 0x067E, 0x067E, 0x0680, 0x0680, 0x0680,
    0x0680, 0x067A, 0x067A, 0x067A, 0x067A, 0x067F, 0x067F, 0x067F, 0x067F,
    0x0679, 0x0679, 0x0679, 0x0679, 0x06A4, 0x06A4, 0x06A4, 0x06A4, 0x06A6,
    0x06A6, 0x06A6, 0x06A6, 0x0684, 0x0684, 0x0684, 0x0684, 0x0683, 0x0683,
    0x0683, 0x0683, 0x0686, 0x0686, 0x0686, 0x0686, 0x0687, 0x0687, 0x0687,
    0x0687, 0x068D, 0x068D, 0x068C, 0x068C, 0x068E, 0x068E, 0x0688, 0x0688,
    0x0698, 0x0698, 0x0691, 0x0691, 0x06A9, 0x06A9, 0x06A9, 0x06A9, 0x06AF,
    0x06AF, 0x06AF, 0x06AF, 0x06B3, 0x06B3, 0x06B3, 0x06B3, 0x06B1, 0x06B1,
    0x06B1, 0x06B1, 0x06BA, 0x06BA, 0x06BB, 0x06BB, 0x06BB, 0x06BB, 0x06C0,
    0x06C0, 0x06C1, 0x06C1, 0x06C1, 0x06C1, 0x06BE, 0x06BE, 0x06BE, 0x06BE,
    0x06D2, 0x06D2, 0x06D3, 0x06D3, 0x06AD, 0x06AD, 0x06AD, 0x06AD, 0x06C7,
    0x06C7, 0x06C6, 0x06C6, 0x06C8, 0x06C8, 0x0677, 0x06CB, 0x06CB, 0x06C5,
    0x06C5, 0x06C9, 0x06C9, 0x06D0, 0x06D0, 0x06D0, 0x06D0, 0x0649, 0x0649,
    0x0626, 0x0627, 0x0626, 0x0627, 0x0626, 0x06D5, 0x0626, 0x06D5, 0x0626,
    0x0648, 0x0626, 0x0648, 0x0626, 0x06C7, 0x0626, 0x06C7, 0x0626, 0x06C6,
    0x0626, 0x06C6, 0x0626, 0x06C8, 0x0626, 0x06C8, 0x0626, 0x06D0, 0x0626,
    0x06D0, 0x0626, 0x06D0, 0x0626, 0x0649, 0x0626, 0x0649, 0x0626, 0x0649,
    0x06CC, 0x06CC, 0x06CC, 0x06CC, 0x0626, 0x062C, 0x0626, 0x062D, 0x0626,
    0x0645, 0x0626, 0x0649, 0x0626, 0x064A, 0x0628, 0x062C, 0x0628, 0x062D,
    0x0628, 0x062E, 0x0628, 0x0645, 0x0628, 0x0649, 0x0628, 0x064A, 0x062A,
    0x062C, 0x062A, 0x062D, 0x062A, 0x062E, 0x062A, 0x0645, 0x062A, 0x0649,
    0x062A, 0x064A, 0x062B, 0x062C, 0x062B, 0x0645, 0x062B, 0x0649, 0x062B,
    0x064A, 0x062C, 0x062D, 0x062C, 0x0645, 0x062D, 0x062C, 0x062D, 0x0645,
    0x062E, 0x062C, 0x062E, 0x062D, 0x062E, 0x0645, 0x0633, 0x062C, 0x0633,
    0x062D, 0x0633, 0x062E, 0x0633, 0x0645, 0x0635, 0x062D, 0x0635, 0x0645,
    0x0636, 0x062C, 0x0636, 0x062D, 0x0636, 0x062E, 0x0636, 0x0645, 0x0637,
    0x062D, 0x0637, 0x0645, 0x0638, 0x0645, 0x0639, 0x062C, 0x0639, 0x0645,
    0x063A, 0x062C, 0x063A, 0x0645, 0x0641, 0x062C, 0x0641, 0x062D, 0x0641,
    0x062E, 0x0641, 0x0645, 0x0641, 0x0649, 0x0641, 0x064A, 0x0642, 0x062D,
    0x0642, 0x0645, 0x0642, 0x0649, 0x0642, 0x064A, 0x0643, 0x0627, 0x0643,
    0x062C, 0x0643, 0x062D, 0x0643, 0x062E, 0x0643, 0x0644, 0x0643, 0x0645,
    0x0643, 0x0649, 0x0643, 0x064A, 0x0644, 0x062C, 0x0644, 0x062D, 0x0644,
    0x062E, 0x0644, 0x0645, 0x0644, 0x0649, 0x0644, 0x064A, 0x0645, 0x062C,
    0x0645, 0x062D, 0x0645, 0x062E, 0x0645, 0x0645, 0x0645, 0x0649, 0x0645,
    0x064A, 0x0646, 0x062C, 0x0646, 0x062D, 0x0646, 0x062E, 0x0646, 0x0645,
    0x0646, 0x0649, 0x0646, 0x064A, 0x0647, 0x062C, 0x0647, 0x0645, 0x0647,
    0x0649, 0x0647, 0x064A, 0x064A, 0x062C, 0x064A, 0x062D, 0x064A, 0x062E,
    0x064A, 0x0645, 0x064A, 0x0649, 0x064A, 0x064A, 0x0630, 0x0631, 0x0649,
    0x0626, 0x0631, 0x0626, 0x0632, 0x0626, 0x0645, 0x0626, 0x0646, 0x0626,
    0x0649, 0x0626, 0x064A, 0x0628, 0x0631, 0x0628, 0x0632, 0x0628, 0x0645,
    0x0628, 0x0646, 0x0628, 0x0649, 0x0628, 0x064A, 0x062A, 0x0631, 0x062A,
    0x0632, 0x062A, 0x0645, 0x062A, 0x0646, 0x062A, 0x0649, 0x062A, 0x064A,
    0x062B, 0x0631, 0x062B, 0x0632, 0x062B, 0x0645, 0x062B, 0x0646, 0x062B,
    0x0649, 0x062B, 0x064A, 0x0641, 0x0649, 0x0641, 0x064A, 0x0642, 0x0649,
    0x0642, 0x064A, 0x0643, 0x0627, 0x0643, 0x0644, 0x0643, 0x0645, 0x0643,
    0x0649, 0x0643, 0x064A, 0x0644, 0x0645, 0x0644, 0x0649, 0x0644, 0x064A,
    0x0645, 0x0627, 0x0645, 0x0645, 0x0646, 0x0631, 0x0646, 0x0632, 0x0646,
    0x0645, 0x0646, 0x0646, 0x0646, 0x0649, 0x0646, 0x064A, 0x0649, 0x064A,
    0x0631, 0x064A, 0x0632, 0x064A, 0x0645, 0x064A, 0x0646, 0x064A, 0x0649,
    0x064A, 0x064A, 0x0626, 0x062C, 0x0626, 0x062D, 0x0626, 0x062E, 0x0626,
    0x0645, 0x0626, 0x0647, 0x0628, 0x062C, 0x0628, 0x062D, 0x0628, 0x062E,
    0x0628, 0x0645, 0x0628, 0x0647, 0x062A, 0x062C, 0x062A, 0x062D, 0x062A,
    0x062E, 0x062A, 0x0645, 0x062A, 0x0647, 0x062B, 0x0645, 0x062C, 0x062D,
    0x062C, 0x0645, 0x062D, 0x062C, 0x062D, 0x0645, 0x062E, 0x062C, 0x062E,
    0x0645, 0x0633, 0x062C, 0x0633, 0x062D, 0x0633, 0x062E, 0x0633, 0x0645,
    0x0635, 0x062D, 0x0635, 0x062E, 0x0635, 0x0645, 0x0636, 0x062C, 0x0636,
    0x062D, 0x0636, 0x062E, 0x0636, 0x0645, 0x0637, 0x062D, 0x0638, 0x0645,
    0x0639, 0x062C, 0x0639, 0x0645, 0x063A, 0x062C, 0x063A, 0x0645, 0x0641,
    0x062C, 0x0641, 0x062D, 0x0641, 0x062E, 0x0641, 0x0645, 0x0642, 0x062D,
    0x0642, 0x0645, 0x0643, 0x062C, 0x0643, 0x062D, 0x0643, 0x062E, 0x0643,
    0x0644, 0x0643, 0x0645, 0x0644, 0x062C, 0x0644, 0x062D, 0x0644, 0x062E,
    0x0644, 0x0645, 0x0644, 0x0647, 0x0645, 0x062C, 0x0645, 0x062D, 0x0645,
    0x062E, 0x0645, 0x0645, 0x0646, 0x062C, 0x0646, 0x062D, 0x0646, 0x062E,
    0x0646, 0x0645, 0x0646, 0x0647, 0x0647, 0x062C, 0x0647, 0x0645, 0x0647,
    0x064A, 0x062C, 0x064A, 0x062D, 0x064A, 0x062E, 0x064A, 0x0645, 0x064A,
    0x0647, 0x0626, 0x0645, 0x0626, 0x0647, 0x0628, 0x0645, 0x0628, 0x0647,
    0x062A, 0x0645, 0x062A, 0x0647, 0x062B, 0x0645, 0x062B, 0x0647, 0x0633,
    0x0645, 0x0633, 0x0647, 0x0634, 0x0645, 0x0634, 0x0647, 0x0643, 0x0644,
    0x0643, 0x0645, 0x0644, 0x0645, 0x0646, 0x0645, 0x0646, 0x0647, 0x064A,
    0x0645, 0x064A, 0x0647, 0x0640, 0x0640, 0x0640, 0x0637, 0x0649, 0x0637,
    0x064A, 0x0639, 0x0649, 0x0639, 0x064A, 0x063A, 0x0649, 0x063A, 0x064A,
    0x0633, 0x0649, 0x0633, 0x064A, 0x0634, 0x0649, 0x0634, 0x064A, 0x062D,
    0x0649, 0x062D, 0x064A, 0x062C, 0x0649, 0x062C, 0x064A, 0x062E, 0x0649,
    0x062E, 0x064A, 0x0635, 0x0649, 0x0635, 0x064A, 0x0636, 0x0649, 0x0636,
    0x064A, 0x0634, 0x062C, 0x0634, 0x062D, 0x0634, 0x062E, 0x0634, 0x0645,
    0x0634, 0x0631, 0x0633, 0x0631, 0x0635, 0x0631, 0x0636, 0x0631, 0x0637,
    0x0649, 0x0637, 0x064A, 0x0639, 0x0649, 0x0639, 0x064A, 0x063A, 0x0649,
    0x063A, 0x064A, 0x0633, 0x0649, 0x0633, 0x064A, 0x0634, 0x0649, 0x0634,
    0x064A, 0x062D, 0x0649, 0x062D, 0x064A, 0x062C, 0x0649, 0x062C, 0x064A,
    0x062E, 0x0649, 0x062E, 0x064A, 0x0635, 0x0649, 0x0635, 0x064A, 0x0636,
    0x0649, 0x0636, 0x064A, 0x0634, 0x062C, 0x0634, 0x062D, 0x0634, 0x062E,
    0x0634, 0x0645, 0x0634, 0x0631, 0x0633, 0x0631, 0x0635, 0x0631, 0x0636,
    0x0631, 0x0634, 0x062C, 0x0634, 0x062D, 0x0634, 0x062E, 0x0634, 0x0645,
    0x0633, 0x0647, 0x0634, 0x0647, 0x0637, 0x0645, 0x0633, 0x062C, 0x0633,
    0x062D, 0x0633, 0x062E, 0x0634, 0x062C, 0x0634, 0x062D, 0x0634, 0x062E,
    0x0637, 0x0645, 0x0638, 0x0645, 0x0627, 0x0627, 0x062A, 0x062C, 0x0645,
    0x062A, 0x062D, 0x062C, 0x062A, 0x062D, 0x062C, 0x062A, 0x062D, 0x0645,
    0x062A, 0x062E, 0x0645, 0x062A, 0x0645, 0x062C, 0x062A, 0x0645, 0x062D,
    0x062A, 0x0645, 0x062E, 0x062C, 0x0645, 0x062D, 0x062C, 0x0645, 0x062D,
    0x062D, 0x0645, 0x064A, 0x062D, 0x0645, 0x0649, 0x0633, 0x062D, 0x062C,
    0x0633, 0x062C, 0x062D, 0x0633, 0x062C, 0x0649, 0x0633, 0x0645, 0x062D,
    0x0633, 0x0645, 0x062D, 0x0633, 0x0645, 0x062C, 0x0633, 0x0645, 0x0645,
    0x0633, 0x0645, 0x0645, 0x0635, 0x062D, 0x062D, 0x0635, 0x062D, 0x062D,
    0x0635, 0x0645, 0x0645, 0x0634, 0x062D, 0x0645, 0x0634, 0x062D, 0x0645,
    0x0634, 0x062C, 0x064A, 0x0634, 0x0645, 0x062E, 0x0634, 0x0645, 0x062E,
    0x0634, 0x0645, 0x0645, 0x0634, 0x0645, 0x0645, 0x0636, 0x062D, 0x0649,
    0x0636, 0x062E, 0x0645, 0x0636, 0x062E, 0x0645, 0x0637, 0x0645, 0x062D,
    0x0637, 0x0645, 0x062D, 0x0637, 0x0645, 0x0645, 0x0637, 0x0645, 0x064A,
    0x0639, 0x062C, 0x0645, 0x0639, 0x0645, 0x0645, 0x0639, 0x0645, 0x0645,
    0x0639, 0x0645, 0x0649, 0x063A, 0x0645, 0x0645, 0x063A, 0x0645, 0x064A,
    0x063A, 0x0645, 0x0649, 0x0641, 0x062E, 0x0645, 0x0641, 0x062E, 0x0645,
    0x0642, 0x0645, 0x062D, 0x0642, 0x0645, 0x0645, 0x0644, 0x062D, 0x0645,
    0x0644, 0x062D, 0x064A, 0x0644, 0x062D, 0x0649, 0x0644, 0x062C, 0x062C,
    0x0644, 0x062C, 0x062C, 0x0644, 0x062E, 0x0645, 0x0644, 0x062E, 0x0645,
    0x0644, 0x0645, 0x062D, 0x0644, 0x0645, 0x062D, 0x0645, 0x062D, 0x062C,
    0x0645, 0x062D, 0x0645, 0x0645, 0x062D, 0x064A, 0x0645, 0x062C, 0x062D,
    0x0645, 0x062C, 0x0645, 0x0645, 0x062E, 0x062C, 0x0645, 0x062E, 0x0645,
    0x0645, 0x062C, 0x062E, 0x0647, 0x0645, 0x062C, 0x0647, 0x0645, 0x0645,
    0x0646, 0x062D, 0x0645, 0x0646, 0x062D, 0x0649, 0x0646, 0x062C, 0x0645,
    0x0646, 0x062C, 0x0645, 0x0646, 0x062C, 0x0649, 0x0646, 0x0645, 0x064A,
    0x0646, 0x0645, 0x0649, 0x064A, 0x0645, 0x0645, 0x064A, 0x0645, 0x0645,
    0x0628, 0x062E, 0x064A, 0x062A, 0x062C, 0x064A, 0x062A, 0x062C, 0x0649,
    0x062A, 0x062E, 0x064A, 0x062A, 0x062E, 0x0649, 0x062A, 0x0645, 0x064A,
    0x062A, 0x0645, 0x0649, 0x062C, 0x0645, 0x064A, 0x062C, 0x062D, 0x0649,
    0x062C, 0x0645, 0x0649, 0x0633, 0x062E, 0x0649, 0x0635, 0x062D, 0x064A,
    0x0634, 0x062D, 0x064A, 0x0636, 0x062D, 0x064A, 0x0644, 0x062C, 0x064A,
    0x0644, 0x0645, 0x064A, 0x064A, 0x062D, 0x064A, 0x064A, 0x062C, 0x064A,
    0x064A, 0x0645, 0x064A, 0x0645, 0x0645, 0x064A, 0x0642, 0x0645, 0x064A,
    0x0646, 0x062D, 0x064A, 0x0642, 0x0645, 0x062D, 0x0644, 0x062D, 0x0645,
    0x0639, 0x0645, 0x064A, 0x0643, 0x0645, 0x064A, 0x0646, 0x062C, 0x062D,
    0x0645, 0x062E, 0x064A, 0x0644, 0x062C, 0x0645, 0x0643, 0x0645, 0x0645,
    0x0644, 0x062C, 0x0645, 0x0646, 0x062C, 0x062D, 0x062C, 0x062D, 0x064A,
    0x062D, 0x062C, 0x064A, 0x0645, 0x062C, 0x064A, 0x0641, 0x0645, 0x064A,
    0x0628, 0x062D, 0x064A, 0x0643, 0x0645, 0x0645, 0x0639, 0x062C, 0x0645,
    0x0635, 0x0645, 0x0645, 0x0633, 0x062E, 0x064A, 0x0646, 0x062C, 0x064A,
    0x0635, 0x0644, 0x06D2, 0x0642, 0x0644, 0x06D2, 0x0627, 0x0644, 0x0644,
    0x0647, 0x0627, 0x0643, 0x0628, 0x0631, 0x0645, 0x062D, 0x0645, 0x062F,
    0x0635, 0x0644, 0x0639, 0x0645, 0x0631, 0x0633, 0x0648, 0x0644, 0x0639,
    0x0644, 0x064A, 0x0647, 0x0648, 0x0633, 0x0644, 0x0645, 0x0635, 0x0644,
    0x0649, 0x0635, 0x0644, 0x0649, 0x0020, 0x0627, 0x0644, 0x0644, 0x0647,
    0x0020, 0x0639, 0x0644, 0x064A, 0x0647, 0x0020, 0x0648, 0x0633, 0x0644,
    0x0645, 0x062C, 0x0644, 0x0020, 0x062C, 0x0644, 0x0627, 0x0644, 0x0647,
    0x0631, 0x06CC, 0x0627, 0x0644, 0x002C, 0x002C, 0x002E, 0x003A, 0x003B,
    0x0021, 0x003F, 0x3016, 0x3017, 0x002E, 0x002E, 0x002E, 0x002E, 0x002E,
    0x002D, 0x002D, 0x005F, 0x005F, 0x0028, 0x0029, 0x007B, 0x007D, 0x005B,
    0x005D, 0x3010, 0x3011, 0x003C, 0x003C, 0x003E, 0x003E, 0x003C, 0x003E,
    0x300C, 0x300D, 0x300E, 0x300F, 0x005B, 0x005D, 0x203E, 0x203E, 0x203E,
    0x203E, 0x005F, 0x005F, 0x005F, 0x002C, 0x002C, 0x002E, 0x003B, 0x003A,
    0x003F, 0x0021, 0x002D, 0x0028, 0x0029, 0x007B, 0x007D, 0x005B, 0x005D,
    0x0023, 0x0026, 0x002A, 0x002B, 0x002D, 0x003C, 0x003E, 0x003D, 0x005C,
    0x0024, 0x0025, 0x0040, 0x0640, 0x0640, 0x0640, 0x0640, 0x0640, 0x0640,
    0x0621, 0x0622, 0x0622, 0x0623, 0x0623, 0x0624, 0x0624, 0x0625, 0x0625,
    0x0626, 0x0626, 0x0626, 0x0626, 0x0627, 0x0627, 0x0628, 0x0628, 0x0628,
    0x0628, 0x0629, 0x0629, 0x062A, 0x062A, 0x062A, 0x062A, 0x062B, 0x062B,
    0x062B, 0x062B, 0x062C, 0x062C, 0x062C, 0x062C, 0x062D, 0x062D, 0x062D,
    0x062D, 0x062E, 0x062E, 0x062E, 0x062E, 0x062F, 0x062F, 0x0630, 0x0630,
    0x0631, 0x0631, 0x0632, 0x0632, 0x0633, 0x0633, 0x0633, 0x0633, 0x0634,
    0x0634, 0x0634, 0x0634, 0x0635, 0x0635, 0x0635, 0x0635, 0x0636, 0x0636,
    0x0636, 0x0636, 0x0637, 0x0637, 0x0637, 0x0637, 0x0638, 0x0638, 0x0638,
    0x0638, 0x0639, 0x0639, 0x0639, 0x0639, 0x063A, 0x063A, 0x063A, 0x063A,
    0x0641, 0x0641, 0x0641, 0x0641, 0x0642, 0x0642, 0x0642, 0x0642, 0x0643,
    0x0643, 0x0643, 0x0643, 0x0644, 0x0644, 0x0644, 0x0644, 0x0645, 0x0645,
    0x0645, 0x0645, 0x0646, 0x0646, 0x0646, 0x0646, 0x0647, 0x0647, 0x0647,
    0x0647, 0x0648, 0x0648, 0x0649, 0x0649, 0x064A, 0x064A, 0x064A, 0x064A,
    0x0644, 0x0622, 0x0644, 0x0622, 0x0644, 0x0623, 0x0644, 0x0623, 0x0644,
    0x0625, 0x0644, 0x0625, 0x0644, 0x0627, 0x0644, 0x0627, 0x0021, 0x0022,
    0x0023, 0x0024, 0x0025, 0x0026, 0x0027, 0x0028, 0x0029, 0x002A, 0x002B,
    0x002C, 0x002D, 0x002E, 0x002F, 0x0030, 0x0031, 0x0032, 0x0033, 0x0034,
    0x0035, 0x0036, 0x0037, 0x0038, 0x0039, 0x003A, 0x003B, 0x003C, 0x003D,
    0x003E, 0x003F, 0x0040, 0x0041, 0x0042, 0x0043, 0x0044, 0x0045, 0x0046,
    0x0047, 0x0048, 0x0049, 0x004A, 0x004B, 0x004C, 0x004D, 0x004E, 0x004F,
    0x0050, 0x0051, 0x0052, 0x0053, 0x0054, 0x0055, 0x0056, 0x0057, 0x0058,
    0x0059, 0x005A, 0x005B, 0x005C, 0x005D, 0x005E, 0x005F, 0x0060, 0x0061,
    0x0062, 0x0063, 0x0064, 0x0065, 0x0066, 0x0067, 0x0068, 0x0069, 0x006A,
    0x006B, 0x006C, 0x006D, 0x006E, 0x006F, 0x0070, 0x0071, 0x0072, 0x0073,
    0x0074, 0x0075, 0x0076, 0x0077, 0x0078, 0x0079, 0x007A, 0x007B, 0x007C,
    0x007D, 0x007E, 0x0028, 0x0028, 0x0029, 0x0029, 0x002E, 0x300C, 0x300D,
    0x002C, 0x30FB, 0x30F2, 0x30A1, 0x30A3, 0x30A5, 0x30A7, 0x30A9, 0x30E3,
    0x30E5, 0x30E7, 0x30C3, 0x30FC, 0x30A2, 0x30A4, 0x30A6, 0x30A8, 0x30AA,
    0x30AB, 0x30AD, 0x30AF, 0x30B1, 0x30B3, 0x30B5, 0x30B7, 0x30B9, 0x30BB,
    0x30BD, 0x30BF, 0x30C1, 0x30C4, 0x30C6, 0x30C8, 0x30CA, 0x30CB, 0x30CC,
    0x30CD, 0x30CE, 0x30CF, 0x30D2, 0x30D5, 0x30D8, 0x30DB, 0x30DE, 0x30DF,
    0x30E0, 0x30E1, 0x30E2, 0x30E4, 0x30E6, 0x30E8, 0x30E9, 0x30EA, 0x30EB,
    0x30EC, 0x30ED, 0x30EF, 0x30F3, 0x3164, 0x3131, 0x3132, 0x3133, 0x3134,
    0x3135, 0x3136, 0x3137, 0x3138, 0x3139, 0x313A, 0x313B, 0x313C, 0x313D,
    0x313E, 0x313F, 0x3140, 0x3141, 0x3142, 0x3143, 0x3144, 0x3145, 0x3146,
    0x3147, 0x3148, 0x3149, 0x314A, 0x314B, 0x314C, 0x314D, 0x314E, 0x314F,
    0x3150, 0x3151, 0x3152, 0x3153, 0x3154, 0x3155, 0x3156, 0x3157, 0x3158,
    0x3159, 0x315A, 0x315B, 0x315C, 0x315D, 0x315E, 0x315F, 0x3160, 0x3161,
    0x3162, 0x3163, 0x00A2, 0x00A3, 0x00AC, 0x00AF, 0x00A6, 0x00A5, 0x20A9,
    0x2502, 0x003C, 0x002D, 0x2191, 0x002D, 0x003E, 0x2193, 0x25A0, 0x25CB,
    0x02D0, 0x02D1, 0x00E6, 0x0299, 0x0253, 0x02A3, 0xAB66, 0x02A5, 0x02A4,
    0x0256, 0x0257, 0x1D91, 0x0258, 0x025E, 0x02A9, 0x0264, 0x0262, 0x0260,
    0x029B, 0x0127, 0x029C, 0x0267, 0x0284, 0x02AA, 0x02AB, 0x026C, 0xA78E,
    0x026E, 0x028E, 0x00F8, 0x0276, 0x0277, 0x0071, 0x027A, 0x027D, 0x027E,
    0x0280, 0x02A8, 0x02A6, 0xAB67, 0x02A7, 0x0288, 0x2C71, 0x028F, 0x02A1,
    0x02A2, 0x0298, 0x01C0, 0x01C1, 0x01C2, 0x0041, 0x0042, 0x0043, 0x0044,
    0x0045, 0x0046, 0x0047, 0x0048, 0x0049, 0x004A, 0x004B, 0x004C, 0x004D,
    0x004E, 0x004F, 0x0050, 0x0051, 0x0052, 0x0053, 0x0054, 0x0055, 0x0056,
    0x0057, 0x0058, 0x0059, 0x005A, 0x0030, 0x0031, 0x0032, 0x0033, 0x0034,
    0x0035, 0x0036, 0x0037, 0x0038, 0x0039, 0x0041, 0x0042, 0x0043, 0x0044,
    0x0045, 0x0046, 0x0047, 0x0048, 0x0049, 0x004A, 0x004B, 0x004C, 0x004D,
    0x004E, 0x004F, 0x0050, 0x0051, 0x0052, 0x0053, 0x0054, 0x0055, 0x0056,
    0x0057, 0x0058, 0x0059, 0x005A, 0x0061, 0x0062, 0x0063, 0x0064, 0x0065,
    0x0066, 0x0067, 0x0068, 0x0069, 0x006A, 0x006B, 0x006C, 0x006D, 0x006E,
    0x006F, 0x0070, 0x0071, 0x0072, 0x0073, 0x0074, 0x0075, 0x0076, 0x0077,
    0x0078, 0x0079, 0x007A, 0x0041, 0x0042, 0x0043, 0x0044, 0x0045, 0x0046,
    0x0047, 0x0048, 0x0049, 0x004A, 0x004B, 0x004C, 0x004D, 0x004E, 0x004F,
    0x0050, 0x0051, 0x0052, 0x0053, 0x0054, 0x0055, 0x0056, 0x0057, 0x0058,
    0x0059, 0x005A, 0x0061, 0x0062, 0x0063, 0x0064, 0x0065, 0x0066, 0x0067,
    0x0069, 0x006A, 0x006B, 0x006C, 0x006D, 0x006E, 0x006F, 0x0070, 0x0071,
    0x0072, 0x0073, 0x0074, 0x0075, 0x0076, 0x0077, 0x0078, 0x0079, 0x007A,
    0x0041, 0x0042, 0x0043, 0x0044, 0x0045, 0x0046, 0x0047, 0x0048, 0x0049,
    0x004A, 0x004B, 0x004C, 0x004D, 0x004E, 0x004F, 0x0050, 0x0051, 0x0052,
    0x0053, 0x0054, 0x0055, 0x0056, 0x0057, 0x0058, 0x0059, 0x005A, 0x0061,
    0x0062, 0x0063, 0x0064, 0x0065, 0x0066, 0x0067, 0x0068, 0x0069, 0x006A,
    0x006B, 0x006C, 0x006D, 0x006E, 0x006F, 0x0070, 0x0071, 0x0072, 0x0073,
    0x0074, 0x0075, 0x0076, 0x0077, 0x0078, 0x0079, 0x007A, 0x0041, 0x0043,
    0x0044, 0x0047, 0x004A, 0x004B, 0x004E, 0x004F, 0x0050, 0x0051, 0x0053,
    0x0054, 0x0055, 0x0056, 0x0057, 0x0058, 0x0059, 0x005A, 0x0061, 0x0062,
    0x0063, 0x0064, 0x0066, 0x0068, 0x0069, 0x006A, 0x006B, 0x006C, 0x006D,
    0x006E, 0x0070, 0x0071, 0x0072, 0x0073, 0x0074, 0x0075, 0x0076, 0x0077,
    0x0078, 0x0079, 0x007A, 0x0041, 0x0042, 0x0043, 0x0044, 0x0045, 0x0046,
    0x0047, 0x0048, 0x0049, 0x004A, 0x004B, 0x004C, 0x004D, 0x004E, 0x004F,
    0x0050, 0x0051, 0x0052, 0x0053, 0x0054, 0x0055, 0x0056, 0x0057, 0x0058,
    0x0059, 0x005A, 0x0061, 0x0062, 0x0063, 0x0064, 0x0065, 0x0066, 0x0067,
    0x0068, 0x0069, 0x006A, 0x006B, 0x006C, 0x006D, 0x006E, 0x006F, 0x0070,
    0x0071, 0x0072, 0x0073, 0x0074, 0x0075, 0x0076, 0x0077, 0x0078, 0x0079,
    0x007A, 0x0041, 0x0042, 0x0044, 0x0045, 0x0046, 0x0047, 0x004A, 0x004B,
    0x004C, 0x004D, 0x004E, 0x004F, 0x0050, 0x0051, 0x0053, 0x0054, 0x0055,
    0x0056, 0x0057, 0x0058, 0x0059, 0x0061, 0x0062, 0x0063, 0x0064, 0x0065,
    0x0066, 0x0067, 0x0068, 0x0069, 0x006A, 0x006B, 0x006C, 0x006D, 0x006E,
    0x006F, 0x0070, 0x0071, 0x0072, 0x0073, 0x0074, 0x0075, 0x0076, 0x0077,
    0x0078, 0x0079, 0x007A, 0x0041, 0x0042, 0x0044, 0x0045, 0x0046, 0x0047,
    0x0049, 0x004A, 0x004B, 0x004C, 0x004D, 0x004F, 0x0053, 0x0054, 0x0055,
    0x0056, 0x0057, 0x0058, 0x0059, 0x0061, 0x0062, 0x0063, 0x0064, 0x0065,
    0x0066, 0x0067, 0x0068, 0x0069, 0x006A, 0x006B, 0x006C, 0x006D, 0x006E,
    0x006F, 0x0070, 0x0071, 0x0072, 0x0073, 0x0074, 0x0075, 0x0076, 0x0077,
    0x0078, 0x0079, 0x007A, 0x0041, 0x0042, 0x0043, 0x0044, 0x0045, 0x0046,
    0x0047, 0x0048, 0x0049, 0x004A, 0x004B, 0x004C, 0x004D, 0x004E, 0x004F,
    0x0050, 0x0051, 0x0052, 0x0053, 0x0054, 0x0055, 0x0056, 0x0057, 0x0058,
    0x0059, 0x005A, 0x0061, 0x0062, 0x0063, 0x0064, 0x0065, 0x0066, 0x0067,
    0x0068, 0x0069, 0x006A, 0x006B, 0x006C, 0x006D, 0x006E, 0x006F, 0x0070,
    0x0071, 0x0072, 0x0073, 0x0074, 0x0075, 0x0076, 0x0077, 0x0078, 0x0079,
    0x007A, 0x0041, 0x0042, 0x0043, 0x0044, 0x0045, 0x0046, 0x0047, 0x0048,
    0x0049, 0x004A, 0x004B, 0x004C, 0x004D, 0x004E, 0x004F, 0x0050, 0x0051,
    0x0052, 0x0053, 0x0054, 0x0055, 0x0056, 0x0057, 0x0058, 0x0059, 0x005A,
    0x0061, 0x0062, 0x0063, 0x0064, 0x0065, 0x0066, 0x0067, 0x0068, 0x0069,
    0x006A, 0x006B, 0x006C, 0x006D, 0x006E, 0x006F, 0x0070, 0x0071, 0x0072,
    0x0073, 0x0074, 0x0075, 0x0076, 0x0077, 0x0078, 0x0079, 0x007A, 0x0041,
    0x0042, 0x0043, 0x0044, 0x0045, 0x0046, 0x0047, 0x0048, 0x0049, 0x004A,
    0x004B, 0x004C, 0x004D, 0x004E, 0x004F, 0x0050, 0x0051, 0x0052, 0x0053,
    0x0054, 0x0055, 0x0056, 0x0057, 0x0058, 0x0059, 0x005A, 0x0061, 0x0062,
    0x0063, 0x0064, 0x0065, 0x0066, 0x0067, 0x0068, 0x0069, 0x006A, 0x006B,
    0x006C, 0x006D, 0x006E, 0x006F, 0x0070, 0x0071, 0x0072, 0x0073, 0x0074,
    0x0075, 0x0076, 0x0077, 0x0078, 0x0079, 0x007A, 0x0041, 0x0042, 0x0043,
    0x0044, 0x0045, 0x0046, 0x0047, 0x0048, 0x0049, 0x004A, 0x004B, 0x004C,
    0x004D, 0x004E, 0x004F, 0x0050, 0x0051, 0x0052, 0x0053, 0x0054, 0x0055,
    0x0056, 0x0057, 0x0058, 0x0059, 0x005A, 0x0061, 0x0062, 0x0063, 0x0064,
    0x0065, 0x0066, 0x0067, 0x0068, 0x0069, 0x006A, 0x006B, 0x006C, 0x006D,
    0x006E, 0x006F, 0x0070, 0x0071, 0x0072, 0x0073, 0x0074, 0x0075, 0x0076,
    0x0077, 0x0078, 0x0079, 0x007A, 0x0041, 0x0042, 0x0043, 0x0044, 0x0045,
    0x0046, 0x0047, 0x0048, 0x0049, 0x004A, 0x004B, 0x004C, 0x004D, 0x004E,
    0x004F, 0x0050, 0x0051, 0x0052, 0x0053, 0x0054, 0x0055, 0x0056, 0x0057,
    0x0058, 0x0059, 0x005A, 0x0061, 0x0062, 0x0063, 0x0064, 0x0065, 0x0066,
    0x0067, 0x0068, 0x0069, 0x006A, 0x006B, 0x006C, 0x006D, 0x006E, 0x006F,
    0x0070, 0x0071, 0x0072, 0x0073, 0x0074, 0x0075, 0x0076, 0x0077, 0x0078,
    0x0079, 0x007A, 0x0041, 0x0042, 0x0043, 0x0044, 0x0045, 0x0046, 0x0047,
    0x0048, 0x0049, 0x004A, 0x004B, 0x004C, 0x004D, 0x004E, 0x004F, 0x0050,
    0x0051, 0x0052, 0x0053, 0x0054, 0x0055, 0x0056, 0x0057, 0x0058, 0x0059,
    0x005A, 0x0061, 0x0062, 0x0063, 0x0064, 0x0065, 0x0066, 0x0067, 0x0068,
    0x0069, 0x006A, 0x006B, 0x006C, 0x006D, 0x006E, 0x006F, 0x0070, 0x0071,
    0x0072, 0x0073, 0x0074, 0x0075, 0x0076, 0x0077, 0x0078, 0x0079, 0x007A,
    0x0131, 0x0237, 0x0391, 0x0392, 0x0393, 0x0394, 0x0395, 0x0396, 0x0397,
    0x0398, 0x0399, 0x039A, 0x039B, 0x039C, 0x039D, 0x039E, 0x039F, 0x03A0,
    0x03A1, 0x03F4, 0x03A3, 0x03A4, 0x03A5, 0x03A6, 0x03A7, 0x03A8, 0x03A9,
    0x2207, 0x03B1, 0x03B2, 0x03B3, 0x03B4, 0x03B5, 0x03B6, 0x03B7, 0x03B8,
    0x03B9, 0x03BA, 0x03BB, 0x03BC, 0x03BD, 0x03BE, 0x03BF, 0x03C0, 0x03C1,
    0x03C2, 0x03C3, 0x03C4, 0x03C5, 0x03C6, 0x03C7, 0x03C8, 0x03C9, 0x2202,
    0x03F5, 0x03D1, 0x03F0, 0x03D5, 0x03F1, 0x03D6, 0x0391, 0x0392, 0x0393,
    0x0394, 0x0395, 0x0396, 0x0397, 0x0398, 0x0399, 0x039A, 0x039B, 0x039C,
    0x039D, 0x039E, 0x039F, 0x03A0, 0x03A1, 0x03F4, 0x03A3, 0x03A4, 0x03A5,
    0x03A6, 0x03A7, 0x03A8, 0x03A9, 0x2207, 0x03B1, 0x03B2, 0x03B3, 0x03B4,
    0x03B5, 0x03B6, 0x03B7, 0x03B8, 0x03B9, 0x03BA, 0x03BB, 0x03BC, 0x03BD,
    0x03BE, 0x03BF, 0x03C0, 0x03C1, 0x03C2, 0x03C3, 0x03C4, 0x03C5, 0x03C6,
    0x03C7, 0x03C8, 0x03C9, 0x2202, 0x03F5, 0x03D1, 0x03F0, 0x03D5, 0x03F1,
    0x03D6, 0x0391, 0x0392, 0x0393, 0x0394, 0x0395, 0x0396, 0x0397, 0x0398,
    0x0399, 0x039A, 0x039B, 0x039C, 0x039D, 0x039E, 0x039F, 0x03A0, 0x03A1,
    0x03F4, 0x03A3, 0x03A4, 0x03A5, 0x03A6, 0x03A7, 0x03A8, 0x03A9, 0x2207,
    0x03B1, 0x03B2, 0x03B3, 0x03B4, 0x03B5, 0x03B6, 0x03B7, 0x03B8, 0x03B9,
    0x03BA, 0x03BB, 0x03BC, 0x03BD, 0x03BE, 0x03BF, 0x03C0, 0x03C1, 0x03C2,
    0x03C3, 0x03C4, 0x03C5, 0x03C6, 0x03C7, 0x03C8, 0x03C9, 0x2202, 0x03F5,
    0x03D1, 0x03F0, 0x03D5, 0x03F1, 0x03D6, 0x0391, 0x0392, 0x0393, 0x0394,
    0x0395, 0x0396, 0x0397, 0x0398, 0x0399, 0x039A, 0x039B, 0x039C, 0x039D,
    0x039E, 0x039F, 0x03A0, 0x03A1, 0x03F4, 0x03A3, 0x03A4, 0x03A5, 0x03A6,
    0x03A7, 0x03A8, 0x03A9, 0x2207, 0x03B1, 0x03B2, 0x03B3, 0x03B4, 0x03B5,
    0x03B6, 0x03B7, 0x03B8, 0x03B9, 0x03BA, 0x03BB, 0x03BC, 0x03BD, 0x03BE,
    0x03BF, 0x03C0, 0x03C1, 0x03C2, 0x03C3, 0x03C4, 0x03C5, 0x03C6, 0x03C7,
    0x03C8, 0x03C9, 0x2202, 0x03F5, 0x03D1, 0x03F0, 0x03D5, 0x03F1, 0x03D6,
    0x0391, 0x0392, 0x0393, 0x0394, 0x0395, 0x0396, 0x0397, 0x0398, 0x0399,
    0x039A, 0x039B, 0x039C, 0x039D, 0x039E, 0x039F, 0x03A0, 0x03A1, 0x03F4,
    0x03A3, 0x03A4, 0x03A5, 0x03A6, 0x03A7, 0x03A8, 0x03A9, 0x2207, 0x03B1,
    0x03B2, 0x03B3, 0x03B4, 0x03B5, 0x03B6, 0x03B7, 0x03B8, 0x03B9, 0x03BA,
    0x03BB, 0x03BC, 0x03BD, 0x03BE, 0x03BF, 0x03C0, 0x03C1, 0x03C2, 0x03C3,
    0x03C4, 0x03C5, 0x03C6, 0x03C7, 0x03C8, 0x03C9, 0x2202, 0x03F5, 0x03D1,
    0x03F0, 0x03D5, 0x03F1, 0x03D6, 0x03DC, 0x03DD, 0x0030, 0x0031, 0x0032,
    0x0033, 0x0034, 0x0035, 0x0036, 0x0037, 0x0038, 0x0039, 0x0030, 0x0031,
    0x0032, 0x0033, 0x0034, 0x0035, 0x0036, 0x0037, 0x0038, 0x0039, 0x0030,
    0x0031, 0x0032, 0x0033, 0x0034, 0x0035, 0x0036, 0x0037, 0x0038, 0x0039,
    0x0030, 0x0031, 0x0032, 0x0033, 0x0034, 0x0035, 0x0036, 0x0037, 0x0038,
    0x0039, 0x0030, 0x0031, 0x0032, 0x0033, 0x0034, 0x0035, 0x0036, 0x0037,
    0x0038, 0x0039, 0x0430, 0x0431, 0x0432, 0x0433, 0x0434, 0x0435, 0x0436,
    0x0437, 0x0438, 0x043A, 0x043B, 0x043C, 0x043E, 0x043F, 0x0440, 0x0441,
    0x0442, 0x0443, 0x0444, 0x0445, 0x0446, 0x0447, 0x0448, 0x044B, 0x044D,
    0x044E, 0xA689, 0x04D9, 0x0456, 0x0458, 0x04E9, 0x04AF, 0x04CF, 0x0430,
    0x0431, 0x0432, 0x0433, 0x0434, 0x0435, 0x0436, 0x0437, 0x0438, 0x043A,
    0x043B, 0x043E, 0x043F, 0x0441, 0x0443, 0x0444, 0x0445, 0x0446, 0x0447,
    0x0448, 0x044A, 0x044B, 0x0491, 0x0456, 0x0455, 0x045F, 0x04AB, 0xA651,
    0x04B1, 0x0627, 0x0628, 0x062C, 0x062F, 0x0648, 0x0632, 0x062D, 0x0637,
    0x064A, 0x0643, 0x0644, 0x0645, 0x0646, 0x0633, 0x0639, 0x0641, 0x0635,
    0x0642, 0x0631, 0x0634, 0x062A, 0x062B, 0x062E, 0x0630, 0x0636, 0x0638,
    0x063A, 0x066E, 0x06BA, 0x06A1, 0x066F, 0x0628, 0x062C, 0x0647, 0x062D,
    0x064A, 0x0643, 0x0644, 0x0645, 0x0646, 0x0633, 0x0639, 0x0641, 0x0635,
    0x0642, 0x0634, 0x062A, 0x062B, 0x062E, 0x0636, 0x063A, 0x062C, 0x062D,
    0x064A, 0x0644, 0x0646, 0x0633, 0x0639, 0x0635, 0x0642, 0x0634, 0x062E,
    0x0636, 0x063A, 0x06BA, 0x066F, 0x0628, 0x062C, 0x0647, 0x062D, 0x0637,
    0x064A, 0x0643, 0x0645, 0x0646, 0x0633, 0x0639, 0x0641, 0x0635, 0x0642,
    0x0634, 0x062A, 0x062B, 0x062E, 0x0636, 0x0638, 0x063A, 0x066E, 0x06A1,
    0x0627, 0x0628, 0x062C, 0x062F, 0x0647, 0x0648, 0x0632, 0x062D, 0x0637,
    0x064A, 0x0644, 0x0645, 0x0646, 0x0633, 0x0639, 0x0641, 0x0635, 0x0642,
    0x0631, 0x0634, 0x062A, 0x062B, 0x062E, 0x0630, 0x0636, 0x0638, 0x063A,
    0x0628, 0x062C, 0x062F, 0x0648, 0x0632, 0x062D, 0x0637, 0x064A, 0x0644,
    0x0645, 0x0646, 0x0633, 0x0639, 0x0641, 0x0635, 0x0642, 0x0631, 0x0634,
    0x062A, 0x062B, 0x062E, 0x0630, 0x0636, 0x0638, 0x063A, 0x0030, 0x002E,
    0x0030, 0x002C, 0x0031, 0x002C, 0x0032, 0x002C, 0x0033, 0x002C, 0x0034,
    0x002C, 0x0035, 0x002C, 0x0036, 0x002C, 0x0037, 0x002C, 0x0038, 0x002C,
    0x0039, 0x002C, 0x0028, 0x0041, 0x0029, 0x0028, 0x0042, 0x0029, 0x0028,
    0x0043, 0x0029, 0x0028, 0x0044, 0x0029, 0x0028, 0x0045, 0x0029, 0x0028,
    0x0046, 0x0029, 0x0028, 0x0047, 0x0029, 0x0028, 0x0048, 0x0029, 0x0028,
    0x0049, 0x0029, 0x0028, 0x004A, 0x0029, 0x0028, 0x004B, 0x0029, 0x0028,
    0x004C, 0x0029, 0x0028, 0x004D, 0x0029, 0x0028, 0x004E, 0x0029, 0x0028,
    0x004F, 0x0029, 0x0028, 0x0050, 0x0029, 0x0028, 0x0051, 0x0029, 0x0028,
    0x0052, 0x0029, 0x0028, 0x0053, 0x0029, 0x0028, 0x0054, 0x0029, 0x0028,
    0x0055, 0x0029, 0x0028, 0x0056, 0x0029, 0x0028, 0x0057, 0x0029, 0x0028,
    0x0058, 0x0029, 0x0028, 0x0059, 0x0029, 0x0028, 0x005A, 0x0029, 0x3014,
    0x0053, 0x3015, 0x0028, 0x0043, 0x0029, 0x0028, 0x0052, 0x0029, 0x0028,
    0x0043, 0x0044, 0x0029, 0x0028, 0x0057, 0x005A, 0x0029, 0x0041, 0x0042,
    0x0043, 0x0044, 0x0045, 0x0046, 0x0047, 0x0048, 0x0049, 0x004A, 0x004B,
    0x004C, 0x004D, 0x004E, 0x004F, 0x0050, 0x0051, 0x0052, 0x0053, 0x0054,
    0x0055, 0x0056, 0x0057, 0x0058, 0x0059, 0x005A, 0x0048, 0x0056, 0x004D,
    0x0056, 0x0053, 0x0044, 0x0053, 0x0053, 0x0050, 0x0050, 0x0056, 0x0057,
    0x0043, 0x004D, 0x0043, 0x004D, 0x0044, 0x004D, 0x0052, 0x0044, 0x004A,
    0x307B, 0x304B, 0x30B3, 0x30B3, 0x30B5, 0x624B, 0x5B57, 0x53CC, 0x30C7,
    0x4E8C, 0x591A, 0x89E3, 0x5929, 0x4EA4, 0x6620, 0x7121, 0x6599, 0x524D,
    0x5F8C, 0x518D, 0x65B0, 0x521D, 0x7D42, 0x751F, 0x8CA9, 0x58F0, 0x5439,
    0x6F14, 0x6295, 0x6355, 0x4E00, 0x4E09, 0x904A, 0x5DE6, 0x4E2D, 0x53F3,
    0x6307, 0x8D70, 0x6253, 0x7981, 0x7A7A, 0x5408, 0x6E80, 0x6709, 0x6708,
    0x7533, 0x5272, 0x55B6, 0x914D, 0x3014, 0x672C, 0x3015, 0x3014, 0x4E09,
    0x3015, 0x3014, 0x4E8C, 0x3015, 0x3014, 0x5B89, 0x3015, 0x3014, 0x70B9,
    0x3015, 0x3014, 0x6253, 0x3015, 0x3014, 0x76D7, 0x3015, 0x3014, 0x52DD,
    0x3015, 0x3014, 0x6557, 0x3015, 0x0028, 0x5F97, 0x0029, 0x0028, 0x53EF,
    0x0029, 0x0030, 0x0031, 0x0032, 0x0033, 0x0034, 0x0035, 0x0036, 0x0037,
    0x0038, 0x0039, 0x4E3D, 0x4E38, 0x4E41, 0x4F60, 0x4FAE, 0x4FBB, 0x5002,
    0x507A, 0x5099, 0x50E7, 0x50CF, 0x349E, 0x514D, 0x5154, 0x5164, 0x5177,
    0x34B9, 0x5167, 0x518D, 0x5197, 0x51A4, 0x4ECC, 0x51AC, 0x51B5, 0x51F5,
    0x5203, 0x34DF, 0x523B, 0x5246, 0x5272, 0x5277, 0x3515, 0x52C7, 0x52C9,
    0x52E4, 0x52FA, 0x5305, 0x5306, 0x5317, 0x5349, 0x5351, 0x535A, 0x5373,
    0x537D, 0x537F, 0x537F, 0x537F, 0x7070, 0x53CA, 0x53DF, 0x53EB, 0x53F1,
    0x5406, 0x549E, 0x5438, 0x5448, 0x5468, 0x54A2, 0x54F6, 0x5510, 0x5553,
    0x5563, 0x5584, 0x5584, 0x5599, 0x55AB, 0x55B3, 0x55C2, 0x5716, 0x5606,
    0x5717, 0x5651, 0x5674, 0x5207, 0x58EE, 0x57CE, 0x57F4, 0x580D, 0x578B,
    0x5832, 0x5831, 0x58AC, 0x58F2, 0x58F7, 0x5906, 0x591A, 0x5922, 0x5962,
    0x59EC, 0x5A1B, 0x5A27, 0x59D8, 0x5A66, 0x36EE, 0x36FC, 0x5B08, 0x5B3E,
    0x5B3E, 0x5BC3, 0x5BD8, 0x5BE7, 0x5BF3, 0x5BFF, 0x5C06, 0x5F53, 0x5C22,
    0x3781, 0x5C60, 0x5C6E, 0x5CC0, 0x5C8D, 0x5D43, 0x5D6E, 0x5D6B, 0x5D7C,
    0x5DE1, 0x5DE2, 0x382F, 0x5DFD, 0x5E28, 0x5E3D, 0x5E69, 0x3862, 0x387C,
    0x5EB0, 0x5EB3, 0x5EB6, 0x5ECA, 0x5EFE, 0x8201, 0x5F22, 0x5F22, 0x38C7,
    0x5F62, 0x5F6B, 0x38E3, 0x5F9A, 0x5FCD, 0x5FD7, 0x5FF9, 0x6081, 0x393A,
    0x391C, 0x6094, 0x60C7, 0x6148, 0x614C, 0x614E, 0x614C, 0x617A, 0x618E,
    0x61B2, 0x61A4, 0x61AF, 0x61DE, 0x61F2, 0x61F6, 0x6210, 0x621B, 0x625D,
    0x62B1, 0x62D4, 0x6350, 0x633D, 0x62FC, 0x6368, 0x6383, 0x63E4, 0x6422,
    0x63C5, 0x63A9, 0x3A2E, 0x6469, 0x647E, 0x649D, 0x6477, 0x3A6C, 0x654F,
    0x656C, 0x65E3, 0x66F8, 0x6649, 0x3B19, 0x6691, 0x3B08, 0x3AE4, 0x5192,
    0x5195, 0x6700, 0x669C, 0x80AD, 0x43D9, 0x6717, 0x671B, 0x6721, 0x675E,
    0x6753, 0x3B49, 0x67FA, 0x6785, 0x6852, 0x6885, 0x688E, 0x681F, 0x6914,
    0x3B9D, 0x6942, 0x69A3, 0x69EA, 0x6AA8, 0x6ADB, 0x3C18, 0x6B21, 0x6B54,
    0x3C4E, 0x6B72, 0x6B9F, 0x6BBA, 0x6BBB, 0x6C4E, 0x6CBF, 0x6CCD, 0x6C67,
    0x6D16, 0x6D3E, 0x6D77, 0x6D41, 0x6D69, 0x6D78, 0x6D85, 0x6D34, 0x6E2F,
    0x6E6E, 0x3D33, 0x6ECB, 0x6EC7, 0x6DF9, 0x6F6E, 0x6FC6, 0x7039, 0x701E,
    0x701B, 0x3D96, 0x704A, 0x707D, 0x7077, 0x70AD, 0x7145, 0x719C, 0x7228,
    0x7235, 0x7250, 0x7280, 0x7295, 0x737A, 0x738B, 0x3EAC, 0x73A5, 0x3EB8,
    0x3EB8, 0x7447, 0x745C, 0x7471, 0x7485, 0x74CA, 0x3F1B, 0x7524, 0x753E,
    0x7570, 0x7610, 0x3FFC, 0x4008, 0x76F4, 0x771E, 0x771F, 0x771F, 0x774A,
    0x4039, 0x778B, 0x4046, 0x4096, 0x784E, 0x788C, 0x78CC, 0x40E3, 0x7956,
    0x798F, 0x79EB, 0x412F, 0x7A40, 0x7A4A, 0x7A4F, 0x7AEE, 0x4202, 0x7BC6,
    0x7BC9, 0x4227, 0x7CD2, 0x42A0, 0x7CE8, 0x7CE3, 0x7D00, 0x7D63, 0x4301,
    0x7DC7, 0x7E02, 0x7E45, 0x4334, 0x4359, 0x7F7A, 0x7F95, 0x7FFA, 0x8005,
    0x8060, 0x8070, 0x43D5, 0x80B2, 0x8103, 0x440B, 0x813E, 0x5AB5, 0x8201,
    0x8204, 0x8F9E, 0x446B, 0x8291, 0x828B, 0x829D, 0x52B3, 0x82B1, 0x82B3,
    0x82BD, 0x82E6, 0x82E5, 0x831D, 0x8363, 0x83AD, 0x8323, 0x83BD, 0x83E7,
    0x8457, 0x8353, 0x83CA, 0x83CC, 0x83DC, 0x452B, 0x84F1, 0x84F3, 0x8516,
    0x8564, 0x455D, 0x4561, 0x456B, 0x8650, 0x865C, 0x8667, 0x8669, 0x86A9,
    0x8688, 0x870E, 0x86E2, 0x8779, 0x8728, 0x876B, 0x8786, 0x45D7, 0x87E1,
    0x8801, 0x45F9, 0x8860, 0x8863, 0x88D7, 0x88DE, 0x4635, 0x88FA, 0x34BB,
    0x46BE, 0x46C7, 0x8AA0, 0x8AED, 0x8B8A, 0x8C55, 0x8CAB, 0x8CC1, 0x8D1B,
    0x8D77, 0x8DCB, 0x8DBC, 0x8DF0, 0x8ED4, 0x8F38, 0x9094, 0x90F1, 0x9111,
    0x911B, 0x9238, 0x92D7, 0x92D8, 0x927C, 0x93F9, 0x9415, 0x958B, 0x4995,
    0x95B7, 0x49E6, 0x96C3, 0x5DB2, 0x9723, 0x4A6E, 0x4A76, 0x97E0, 0x4AB2,
    0x980B, 0x980B, 0x9829, 0x98E2, 0x4B33, 0x9929, 0x99A7, 0x99C2, 0x99FE,
    0x4BCE, 0x9B12, 0x9C40, 0x9CFD, 0x4CCE, 0x4CED, 0x9D67, 0x4CF8, 0x9EBB,
    0x4D56, 0x9EF9, 0x9EFE, 0x9F05, 0x9F0F, 0x9F16, 0x9F3B,
};

// The first and last of each run of characters which are left out.
constexpr size_t TRANSLIT_REMOVED_COUNT = 333;
constexpr char32_t TRANSLIT_REMOVED[666] = {
    0x00300, 0x0036F, 0x00483, 0x00489, 0x00591, 0x005BD, 0x005BF, 0x005BF,
    0x005C1, 0x005C2, 0x005C4, 0x005C5, 0x005C7, 0x005C7, 0x00610, 0x0061A,
    0x0061C, 0x0061C, 0x0064B, 0x0065F, 0x00670, 0x00670, 0x006D6, 0x006DC,
    0x006DF, 0x006E4, 0x006E7, 0x006E8, 0x006EA, 0x006ED, 0x00711, 0x00711,
    0x00730, 0x0074A, 0x007A6, 0x007B0, 0x007EB, 0x007F3, 0x007FD, 0x007FD,
    0x00816, 0x00819, 0x0081B, 0x00823, 0x00825, 0x00827, 0x00829, 0x0082D,
    0x00859, 0x0085B, 0x00897, 0x0089F, 0x008CA, 0x008E1, 0x008E3, 0x00903,
    0x0093A, 0x0093C, 0x0093E, 0x0094F, 0x00951, 0x00957, 0x00962, 0x00963,
    0x00981, 0x00983, 0x009BC, 0x009BC, 0x009BE, 0x009C4, 0x009C7, 0x009C8,
    0x009CB, 0x009CD, 0x009D7, 0x009D7, 0x009E2, 0x009E3, 0x009FE, 0x009FE,
    0x00A01, 0x00A03, 0x00A3C, 0x00A3C, 0x00A3E, 0x00A42, 0x00A47, 0x00A48,
    0x00A4B, 0x00A4D, 0x00A51, 0x00A51, 0x00A70, 0x00A71, 0x00A75, 0x00A75,
    0x00A81, 0x00A83, 0x00ABC, 0x00ABC, 0x00ABE, 0x00AC5, 0x00AC7, 0x00AC9,
    0x00ACB, 0x00ACD, 0x00AE2, 0x00AE3, 0x00AFA, 0x00AFF, 0x00B01, 0x00B03,
    0x00B3C, 0x00B3C, 0x00B3E, 0x00B44, 0x00B47, 0x00B48, 0x00B4B, 0x00B4D,
    0x00B55, 0x00B57, 0x00B62, 0x00B63, 0x00B82, 0x00B82, 0x00BBE, 0x00BC2,
    0x00BC6, 0x00BC8, 0x00BCA, 0x00BCD, 0x00BD7, 0x00BD7, 0x00C00, 0x00C04,
    0x00C3C, 0x00C3C, 0x00C3E, 0x00C44, 0x00C46, 0x00C48, 0x00C4A, 0x00C4D,
    0x00C55, 0x00C56, 0x00C62, 0x00C63, 0x00C81, 0x00C83, 0x00CBC, 0x00CBC,
    0x00CBE, 0x00CC4, 0x00CC6, 0x00CC8, 0x00CCA, 0x00CCD, 0x00CD5, 0x00CD6,
    0x00CE2, 0x00CE3, 0x00CF3, 0x00CF3, 0x00D00, 0x00D03, 0x00D3B, 0x00D3C,
    0x00D3E, 0x00D44, 0x00D46, 0x00D48, 0x00D4A, 0x00D4D, 0x00D57, 0x00D57,
    0x00D62, 0x00D63, 0x00D81, 0x00D83, 0x00DCA, 0x00DCA, 0x00DCF, 0x00DD4,
    0x00DD6, 0x00DD6, 0x00DD8, 0x00DDF, 0x00DF2, 0x00DF3, 0x00E31, 0x00E31,
    0x00E34, 0x00E3A, 0x00E47, 0x00E4E, 0x00EB1, 0x00EB1, 0x00EB4, 0x00EBC,
    0x00EC8, 0x00ECE, 0x00F18, 0x00F19, 0x00F35, 0x00F35, 0x00F37, 0x00F37,
    0x00F39, 0x00F39, 0x00F3E, 0x00F3F, 0x00F71, 0x00F84, 0x00F86, 0x00F87,
    0x00F8D, 0x00F97, 0x00F99, 0x00FBC, 0x00FC6, 0x00FC6, 0x0102B, 0x0103E,
    0x01056, 0x01059, 0x0105E, 0x01060, 0x01062, 0x01064, 0x01067, 0x0106D,
    0x01071, 0x01074, 0x01082, 0x0108D, 0x0108F, 0x0108F, 0x0109A, 0x0109D,
    0x0115F, 0x01160, 0x0135D, 0x0135F, 0x01712, 0x01715, 0x01732, 0x01734,
    0x01752, 0x01753, 0x01772, 0x01773, 0x017B4, 0x017D3, 0x017DD, 0x017DD,
    0x0180B, 0x0180F, 0x01885, 0x01886, 0x018A9, 0x018A9, 0x01920, 0x0192B,
    0x01930, 0x0193B, 0x01A17, 0x01A1B, 0x01A55, 0x01A5E, 0x01A60, 0x01A7C,
    0x01A7F, 0x01A7F, 0x01AB0, 0x01ADD, 0x01AE0, 0x01AEB, 0x01B00, 0x01B04,
    0x01B34, 0x01B44, 0x01B6B, 0x01B73, 0x01B80, 0x01B82, 0x01BA1, 0x01BAD,
    0x01BE6, 0x01BF3, 0x01C24, 0x01C37, 0x01CD0, 0x01CD2, 0x01CD4, 0x01CE8,
    0x01CED, 0x01CED, 0x01CF4, 0x01CF4, 0x01CF7, 0x01CF9, 0x01DC0, 0x01DFF,
    0x0200B, 0x0200F, 0x0202A, 0x0202E, 0x02060, 0x0206F, 0x020D0, 0x020F0,
    0x02CEF, 0x02CF1, 0x02D7F, 0x02D7F, 0x02DE0, 0x02DFF, 0x0302A, 0x0302F,
    0x03099, 0x0309A, 0x0A66F, 0x0A672, 0x0A674, 0x0A67D, 0x0A69E, 0x0A69F,
    0x0A6F0, 0x0A6F1, 0x0A802, 0x0A802, 0x0A806, 0x0A806, 0x0A80B, 0x0A80B,
    0x0A823, 0x0A827, 0x0A82C, 0x0A82C, 0x0A880, 0x0A881, 0x0A8B4, 0x0A8C5,
    0x0A8E0, 0x0A8F1, 0x0A8FF, 0x0A8FF, 0x0A926, 0x0A92D, 0x0A947, 0x0A953,
    0x0A980, 0x0A983, 0x0A9B3, 0x0A9C0, 0x0A9E5, 0x0A9E5, 0x0AA29, 0x0AA36,
    0x0AA43, 0x0AA43, 0x0AA4C, 0x0AA4D, 0x0AA7B, 0x0AA7D, 0x0AAB0, 0x0AAB0,
    0x0AAB2, 0x0AAB4, 0x0AAB7, 0x0AAB8, 0x0AABE, 0x0AABF, 0x0AAC1, 0x0AAC1,
    0x0AAEB, 0x0AAEF, 0x0AAF5, 0x0AAF6, 0x0ABE3, 0x0ABEA, 0x0ABEC, 0x0ABED,
    0x0FB1E, 0x0FB1E, 0x0FE00, 0x0FE0F, 0x0FE20, 0x0FE2F, 0x0FEFF, 0x0FEFF,
    0x0FFF0, 0x0FFF8, 0x101FD, 0x101FD, 0x102E0, 0x102E0, 0x10376, 0x1037A,
    0x10A01, 0x10A03, 0x10A05, 0x10A06, 0x10A0C, 0x10A0F, 0x10A38, 0x10A3A,
    0x10A3F, 0x10A3F, 0x10AE5, 0x10AE6, 0x10D24, 0x10D27, 0x10D69, 0x10D6D,
    0x10EAB, 0x10EAC, 0x10EFA, 0x10EFF, 0x10F46, 0x10F50, 0x10F82, 0x10F85,
    0x11000, 0x11002, 0x11038, 0x11046, 0x11070, 0x11070, 0x11073, 0x11074,
    0x1107F, 0x11082, 0x110B0, 0x110BA, 0x110C2, 0x110C2, 0x11100, 0x11102,
    0x11127, 0x11134, 0x11145, 0x11146, 0x11173, 0x11173, 0x11180, 0x11182,
    0x111B3, 0x111C0, 0x111C9, 0x111CC, 0x111CE, 0x111CF, 0x1122C, 0x11237,
    0x1123E, 0x1123E, 0x11241, 0x11241, 0x112DF, 0x112EA, 0x11300, 0x11303,
    0x1133B, 0x1133C, 0x1133E, 0x11344, 0x11347, 0x11348, 0x1134B, 0x1134D,
    0x11357, 0x11357, 0x11362, 0x11363, 0x11366, 0x1136C, 0x11370, 0x11374,
    0x113B8, 0x113C0, 0x113C2, 0x113C2, 0x113C5, 0x113C5, 0x113C7, 0x113CA,
    0x113CC, 0x113D0, 0x113D2, 0x113D2, 0x113E1, 0x113E2, 0x11435, 0x11446,
    0x1145E, 0x1145E, 0x114B0, 0x114C3, 0x115AF, 0x115B5, 0x115B8, 0x115C0,
    0x115DC, 0x115DD, 0x11630, 0x11640, 0x116AB, 0x116B7, 0x1171D, 0x1172B,
    0x1182C, 0x1183A, 0x11930, 0x11935, 0x11937, 0x11938, 0x1193B, 0x1193E,
    0x11940, 0x11940, 0x11942, 0x11943, 0x119D1, 0x119D7, 0x119DA, 0x119E0,
    0x119E4, 0x119E4, 0x11A01, 0x11A0A, 0x11A33, 0x11A39, 0x11A3B, 0x11A3E,
    0x11A47, 0x11A47, 0x11A51, 0x11A5B, 0x11A8A, 0x11A99, 0x11B60, 0x11B67,
    0x11C2F, 0x11C36, 0x11C38, 0x11C3F, 0x11C92, 0x11CA7, 0x11CA9, 0x11CB6,
    0x11D31, 0x11D36, 0x11D3A, 0x11D3A, 0x11D3C, 0x11D3D, 0x11D3F, 0x11D45,
    0x11D47, 0x11D47, 0x11D8A, 0x11D8E, 0x11D90, 0x11D91, 0x11D93, 0x11D97,
    0x11EF3, 0x11EF6, 0x11F00, 0x11F01, 0x11F03, 0x11F03, 0x11F34, 0x11F3A,
    0x11F3E, 0x11F42, 0x11F5A, 0x11F5A, 0x13440, 0x13440, 0x13447, 0x13455,
    0x1611E, 0x1612F, 0x16AF0, 0x16AF4, 0x16B30, 0x16B36, 0x16F4F, 0x16F4F,
    0x16F51, 0x16F87, 0x16F8F, 0x16F92, 0x16FE4, 0x16FE4, 0x16FF0, 0x16FF1,
    0x1BC9D, 0x1BC9E, 0x1BCA0, 0x1BCA3, 0x1CF00, 0x1CF2D, 0x1CF30, 0x1CF46,
    0x1D165, 0x1D169, 0x1D16D, 0x1D182, 0x1D185, 0x1D18B, 0x1D1AA, 0x1D1AD,
    0x1D242, 0x1D244, 0x1DA00, 0x1DA36, 0x1DA3B, 0x1DA6C, 0x1DA75, 0x1DA75,
    0x1DA84, 0x1DA84, 0x1DA9B, 0x1DA9F, 0x1DAA1, 0x1DAAF, 0x1E000, 0x1E006,
    0x1E008, 0x1E018, 0x1E01B, 0x1E021, 0x1E023, 0x1E024, 0x1E026, 0x1E02A,
    0x1E08F, 0x1E08F, 0x1E130, 0x1E136, 0x1E2AE, 0x1E2AE, 0x1E2EC, 0x1E2EF,
    0x1E4EC, 0x1E4EF, 0x1E5EE, 0x1E5EF, 0x1E6E3, 0x1E6E3, 0x1E6E6, 0x1E6E6,
    0x1E6EE, 0x1E6EF, 0x1E6F5, 0x1E6F5, 0x1E8D0, 0x1E8D6, 0x1E944, 0x1E94A,
    0xE0000, 0xE0FFF,
};
// clang-format on

} // namespace iconv_internal
} // namespace LIBC_NAMESPACE_DECL

#endif // LLVM_LIBC_SRC_ICONV_TRANSLIT_TABLE_H
